Model,Device number,Pipeline parallelism,Tensor parallelism,Channels per device,Channels per block,Sequence length,PIM latency,CXL latency,Acc latency,TransformerBlock latency,Embedding latency,Token latency (ms),Throughput (tokens/s),Token energy (mJ),Total power (W),Device utilization
Llama2-13B,20,1,20,32,32,128,0.0232955,0.0094062218148367,0.00287525,0.0355769718148367,0.010106,1.583184872593471,631.6381727181771,324.29956322899847,348.0281204835681,1.0
Llama2-13B,20,1,20,32,32,256,0.0244155,0.0094062218148367,0.00342525,0.0372469718148367,0.010106,1.6499848725934707,606.0661625510452,324.78690048215907,332.5622048311104,1.0
Llama2-13B,20,1,20,32,32,384,0.025498,0.0094062218148367,0.00397525,0.0388794718148367,0.010106,1.7152848725934708,582.9935400106591,325.2738419658187,318.9209369027165,1.0
Llama2-13B,20,1,20,32,32,512,0.026613,0.0094062218148367,0.00452525,0.0405444718148367,0.010106,1.781884872593471,561.2034847933442,325.761133428329,306.01692164386674,1.0
Llama2-13B,20,1,20,32,32,640,0.0277755,0.0094062218148367,0.00507525,0.0422569718148367,0.010106,1.8503848725934708,540.4281102873563,326.2489597956404,293.64814296379944,1.0
Llama2-13B,20,1,20,32,32,768,0.0288955,0.0094062218148367,0.00562525,0.0439269718148367,0.010106,1.917184872593471,521.5981068363274,326.73629704880085,282.6878727213589,1.0
Llama2-13B,20,1,20,32,32,896,0.029978,0.0094062218148367,0.00617525,0.0455594718148367,0.010106,1.982484872593471,504.41746811001286,327.2232385324605,272.88614861937134,1.0
Llama2-13B,20,1,20,32,32,1024,0.031093,0.0094062218148367,0.00672525,0.0472244718148367,0.010106,2.049084872593471,488.02273316006045,327.710529994971,263.4922088532557,1.0
Llama2-13B,20,1,20,32,32,1152,0.0336455,0.0094062218148367,0.00727525,0.0503269718148367,0.010106,2.1731848725934717,460.1541325872582,329.5100057415575,244.839581624257,1.0
Llama2-13B,20,1,20,32,32,1280,0.0347655,0.0094062218148367,0.00782525,0.0519969718148367,0.010106,2.2399848725934706,446.431586317899,329.997342994718,237.30231335283403,1.0
Llama2-13B,20,1,20,32,32,1408,0.035848,0.0094062218148367,0.0083752499999999,0.0536294718148367,0.010106,2.3052848725934707,433.7858682406522,330.48428447837773,230.47609662908505,1.0
Llama2-13B,20,1,20,32,32,1536,0.036963,0.0094062218148367,0.00892525,0.0552944718148367,0.010106,2.371884872593471,421.6056232554736,330.9715759408881,223.85329649980252,1.0
Llama2-13B,20,1,20,32,32,1664,0.0381255,0.0094062218148367,0.00947525,0.0570069718148367,0.010106,2.4403848725934707,409.7714304126422,331.45940230819946,217.3475772830517,1.0
Llama2-13B,20,1,20,32,32,1792,0.0392455,0.0094062218148367,0.01002525,0.0586769718148367,0.010106,2.507184872593471,398.8537147504342,331.94673956136006,211.45528758797823,1.0
Llama2-13B,20,1,20,32,32,1920,0.040328,0.0094062218148367,0.0105752499999999,0.0603094718148367,0.010106,2.5724848725934706,388.7292052340981,332.4336810450197,206.0811849366567,1.0
Llama2-13B,20,1,20,32,32,2048,0.041443,0.0094062218148367,0.01112525,0.0619744718148367,0.010106,2.639084872593471,378.91922703390895,332.92097250753,200.8306423928831,1.0
Llama2-13B,20,1,20,32,32,2176,0.0439635,0.0094062218148367,0.0116752499999999,0.0650449718148367,0.010106,2.7619048725934707,362.0689510066235,334.6393620725752,190.29385858301504,1.0
Llama2-13B,20,1,20,32,32,2304,0.0450835,0.0094062218148367,0.01222525,0.0667149718148367,0.010106,2.8287048725934705,353.5186755213384,335.12669932573573,185.83666936114983,1.0
Llama2-13B,20,1,20,32,32,2432,0.046166,0.0094062218148367,0.0127752499999999,0.0683474718148367,0.010106,2.894004872593471,345.5419199428808,335.61364080939546,181.74286315112613,1.0
Llama2-13B,20,1,20,32,32,2560,0.047281,0.0094062218148367,0.01332525,0.0700124718148367,0.010106,2.960604872593471,337.76881516918075,336.1009322719059,177.71458528367938,1.0
Llama2-13B,20,1,20,32,32,2688,0.0484435,0.0094062218148367,0.0138752499999999,0.0717249718148367,0.010106,3.029104872593471,330.1305309854842,336.5887586392172,173.70171366603222,1.0
Llama2-13B,20,1,20,32,32,2816,0.0495635,0.0094062218148367,0.01442525,0.0733949718148367,0.010106,3.0959048725934712,323.00734071402195,337.0760958923776,170.02234300058396,1.0
Llama2-13B,20,1,20,32,32,2944,0.050646,0.0094062218148367,0.0149752499999999,0.0750274718148367,0.010106,3.1612048725934705,316.3350811804849,337.56303737603747,166.628676191623,1.0
Llama2-13B,20,1,20,32,32,3072,0.051761,0.0094062218148367,0.01552525,0.0766924718148367,0.010106,3.227804872593471,309.8080706460182,338.05032883854784,163.27463188430858,1.0
Llama2-13B,20,1,20,32,32,3200,0.0542815,0.0094062218148367,0.01607525,0.0797629718148367,0.010106,3.350624872593471,298.4517927326117,339.768718403593,156.48458425227426,1.0
Llama2-13B,20,1,20,32,32,3328,0.0554015,0.0094062218148367,0.0166252499999999,0.0814329718148367,0.010106,3.417424872593471,292.6179908209961,340.2560556567534,153.54099422251812,1.0
Llama2-13B,20,1,20,32,32,3456,0.056484,0.0094062218148367,0.01717525,0.0830654718148367,0.010106,3.4827248725934714,287.131495189091,340.7429971404133,150.81394604685102,1.0
Llama2-13B,20,1,20,32,32,3584,0.057599,0.0094062218148367,0.01772525,0.0847304718148367,0.010106,3.5493248725934707,281.7437219460009,341.2302886029236,148.10599515743482,1.0
Llama2-13B,20,1,20,32,32,3712,0.0587615,0.0094062218148367,0.01827525,0.0864429718148367,0.010106,3.617824872593472,276.40917822623646,341.718114970235,145.38350576918344,1.0
Llama2-13B,20,1,20,32,32,3840,0.0598815,0.0094062218148367,0.01882525,0.0881129718148367,0.010106,3.684624872593471,271.3980485335369,342.2054522233955,142.8677689367315,1.0
Llama2-13B,20,1,20,32,32,3968,0.060964,0.0094062218148367,0.01937525,0.0897454718148367,0.010106,3.749924872593471,266.6720091670514,342.6923937070552,140.53063845345417,1.0
Llama2-13B,20,1,20,32,32,4096,0.062079,0.0094062218148367,0.01992525,0.0914104718148367,0.010106,3.816524872593471,262.0184679473772,343.1796851695657,138.20280818375193,1.0
Llama2-13B,20,2,10,32,32,128,0.0244845,0.0091337434387207,0.00287525,0.0364934934387207,0.0118385,1.6215782375488283,1233.3663302137013,184.3769456296478,376.51768594344975,1.0
Llama2-13B,20,2,10,32,32,256,0.0256045,0.0091337434387207,0.00342525,0.0381634934387207,0.0118385,1.688378237548828,1184.5686917308185,184.85414719545037,360.97980276016,1.0
Llama2-13B,20,2,10,32,32,384,0.026687,0.0091337434387207,0.00397525,0.0397959934387207,0.0118385,1.753678237548828,1140.4600668338471,185.330952991752,347.23077339482137,1.0
Llama2-13B,20,2,10,32,32,512,0.027802,0.0091337434387207,0.00452525,0.0414609934387207,0.0118385,1.820278237548828,1098.7331270263296,185.80810876690435,334.1632054652622,1.0
Llama2-13B,20,2,10,32,32,640,0.0289645,0.0091337434387207,0.00507525,0.0431734934387207,0.0118385,1.888778237548828,1058.8855590561602,186.2857994468577,321.5760662998805,1.0
Llama2-13B,20,2,10,32,32,768,0.0300845,0.0091337434387207,0.00562525,0.0448434934387207,0.0118385,1.955578237548828,1022.7154105104236,186.76300101266023,310.397382394024,1.0
Llama2-13B,20,2,10,32,32,896,0.031167,0.0091337434387207,0.00617525,0.0464759934387207,0.0118385,2.020878237548828,989.6687305742124,187.23980680896187,300.381504169413,1.0
Llama2-13B,20,2,10,32,32,1024,0.032282,0.0091337434387207,0.00672525,0.0481409934387207,0.0118385,2.087478237548828,958.0938205844255,187.7169625841142,290.745558800747,1.0
Llama2-13B,20,2,10,32,32,1152,0.0348345,0.0091337434387207,0.00727525,0.0512434934387207,0.0118385,2.211578237548828,904.3315610740826,189.5063026433428,272.0095058682381,1.0
Llama2-13B,20,2,10,32,32,1280,0.0359545,0.0091337434387207,0.00782525,0.0529134934387207,0.0118385,2.278378237548828,877.817373357499,189.9835042091452,264.1998973830052,1.0
Llama2-13B,20,2,10,32,32,1408,0.037037,0.0091337434387207,0.0083752499999999,0.0545459934387207,0.0118385,2.343678237548828,853.3594620444703,190.46031000544693,257.1216756290291,1.0
Llama2-13B,20,2,10,32,32,1536,0.038152,0.0091337434387207,0.00892525,0.0562109934387207,0.0118385,2.410278237548828,829.7797195538441,190.93746578059927,250.2325772968643,1.0
Llama2-13B,20,2,10,32,32,1664,0.0393145,0.0091337434387207,0.00947525,0.0579234934387207,0.0118385,2.478778237548828,806.8491040076768,191.41515646055268,243.44091424353945,1.0
Llama2-13B,20,2,10,32,32,1792,0.0404345,0.0091337434387207,0.01002525,0.0595934934387206,0.0118385,2.545578237548828,785.6761071016334,191.8923580263552,237.2879076362452,1.0
Llama2-13B,20,2,10,32,32,1920,0.041517,0.0091337434387207,0.0105752499999999,0.0612259934387206,0.0118385,2.610878237548828,766.0257652910161,192.3691638226568,231.6751738115192,1.0
Llama2-13B,20,2,10,32,32,2048,0.042632,0.0091337434387207,0.01112525,0.0628909934387207,0.0118385,2.6774782375488284,746.9715241573562,192.8463195978092,226.17554841176715,1.0
Llama2-13B,20,2,10,32,32,2176,0.0451525,0.0091337434387207,0.0116752499999999,0.0659614934387207,0.0118385,2.800298237548828,714.2096413811447,194.5545734754964,215.4416405243302,1.0
Llama2-13B,20,2,10,32,32,2304,0.0462725,0.0091337434387207,0.01222525,0.0676314934387207,0.0118385,2.8670982375488285,697.5694009389306,195.03177504129889,210.74263876092587,1.0
Llama2-13B,20,2,10,32,32,2432,0.047355,0.0091337434387207,0.0127752499999999,0.0692639934387207,0.0118385,2.932398237548828,682.0356029376782,195.5085808376005,206.42865678133307,1.0
Llama2-13B,20,2,10,32,32,2560,0.04847,0.0091337434387207,0.01332525,0.0709289934387207,0.0118385,2.998998237548828,666.8893549049434,195.98573661275293,202.1722061200257,1.0
Llama2-13B,20,2,10,32,32,2688,0.0496325,0.0091337434387207,0.0138752499999999,0.0726414934387207,0.0118385,3.067498237548828,651.9971146252905,196.46342729270629,197.91812551524336,1.0
Llama2-13B,20,2,10,32,32,2816,0.0507525,0.0091337434387207,0.01442525,0.0743114934387207,0.0118385,3.134298237548828,638.1013702014828,196.94062885850877,194.0206185493412,1.0
Llama2-13B,20,2,10,32,32,2944,0.051835,0.0091337434387207,0.0149752499999999,0.0759439934387207,0.0118385,3.199598237548828,625.0784790818534,197.41743465481045,190.42870131649505,1.0
Llama2-13B,20,2,10,32,32,3072,0.05295,0.0091337434387207,0.01552525,0.0776089934387207,0.0118385,3.266198237548828,612.3327044291509,197.8945904299628,186.8693016335816,1.0
Llama2-13B,20,2,10,32,32,3200,0.0554705,0.0091337434387207,0.01607525,0.0806794934387207,0.0118385,3.389018237548828,590.1414096391933,199.60284430765,179.91801435686543,1.0
Llama2-13B,20,2,10,32,32,3328,0.0565905,0.0091337434387207,0.0166252499999999,0.0823494934387207,0.0118385,3.455818237548828,578.7341412430815,200.0800458734525,176.77882849016402,1.0
Llama2-13B,20,2,10,32,32,3456,0.057673,0.0091337434387207,0.01717525,0.0839819934387207,0.0118385,3.521118237548828,568.0013748678514,200.55685166975425,173.87412798862047,1.0
Llama2-13B,20,2,10,32,32,3584,0.058788,0.0091337434387207,0.01772525,0.0856469934387207,0.0118385,3.5877182375488283,557.4573775242795,201.03400744490665,170.9821795646276,1.0
Llama2-13B,20,2,10,32,32,3712,0.0599505,0.0091337434387207,0.01827525,0.0873594934387207,0.0118385,3.656218237548829,547.013299003952,201.51169812485992,168.06506878579822,1.0
Llama2-13B,20,2,10,32,32,3840,0.0610705,0.0091337434387207,0.01882525,0.0890294934387207,0.0118385,3.723018237548828,537.1985503129756,201.98889969066244,165.37354343804492,1.0
Llama2-13B,20,2,10,32,32,3968,0.062153,0.0091337434387207,0.01937525,0.0906619934387207,0.0118385,3.788318237548828,527.9387513373398,202.4657054869641,162.87685669795832,1.0
Llama2-13B,20,2,10,32,32,4096,0.063268,0.0091337434387207,0.01992525,0.0923269934387207,0.0118385,3.854918237548828,518.8177483296537,202.94286126211648,160.38349660343016,1.0
Llama2-13B,20,4,5,32,32,128,0.0319465,0.0085462119402204,0.00287525,0.0433679619402204,0.0189515,1.9036699776088173,2101.2045402031104,155.66051508455638,487.2537369807534,1.0
Llama2-13B,20,4,5,32,32,256,0.0330665,0.0085462119402204,0.00342525,0.0450379619402204,0.0189515,1.9704699776088168,2029.972567688667,156.13264880667978,472.1777291418198,1.0
Llama2-13B,20,4,5,32,32,384,0.034149,0.0085462119402204,0.00397525,0.0466704619402204,0.0189515,2.035769977608817,1964.8585272381,156.60438675930249,458.5914280339175,1.0
Llama2-13B,20,4,5,32,32,512,0.035264,0.0085462119402204,0.00452525,0.0483354619402204,0.0189515,2.102369977608817,1902.614688471484,157.0764746907759,445.4301119860931,1.0
Llama2-13B,20,4,5,32,32,640,0.0364265,0.0085462119402204,0.00507525,0.0500479619402204,0.0189515,2.170869977608817,1842.579261428611,157.54909752705024,432.5123125390862,1.0
Llama2-13B,20,4,5,32,32,768,0.0375465,0.0085462119402204,0.00562525,0.0517179619402204,0.0189515,2.237669977608817,1787.573699439993,158.02123124917375,420.86807358654926,1.0
Llama2-13B,20,4,5,32,32,896,0.038629,0.0085462119402204,0.00617525,0.0533504619402204,0.0189515,2.302969977608817,1736.8876011806356,158.4929692017964,410.2952942136643,1.0
Llama2-13B,20,4,5,32,32,1024,0.039744,0.0085462119402204,0.00672525,0.0550154619402204,0.0189515,2.3695699776088173,1688.0700033330452,158.9650571332697,399.9724666195394,1.0
Llama2-13B,20,4,5,32,32,1152,0.0422965,0.0085462119402204,0.00727525,0.0581179619402204,0.0189515,2.493669977608817,1604.061498079872,160.74932934881926,380.0535017053877,1.0
Llama2-13B,20,4,5,32,32,1280,0.0434165,0.0085462119402204,0.00782525,0.0597879619402204,0.0189515,2.560469977608817,1562.2132010840985,161.22146307094266,371.3368490572541,1.0
Llama2-13B,20,4,5,32,32,1408,0.044499,0.0085462119402204,0.0083752499999999,0.0614204619402204,0.0189515,2.625769977608817,1523.362683749869,161.69320102356534,363.3636733939311,1.0
Llama2-13B,20,4,5,32,32,1536,0.045614,0.0085462119402204,0.00892525,0.0630854619402204,0.0189515,2.692369977608817,1485.67991519224,162.16528895503873,355.51648387564944,1.0
Llama2-13B,20,4,5,32,32,1664,0.0467765,0.0085462119402204,0.00947525,0.0647979619402204,0.0189515,2.760869977608817,1448.818681227571,162.63791179131306,347.6914942146444,1.0
Llama2-13B,20,4,5,32,32,1792,0.0478965,0.0085462119402204,0.01002525,0.0664679619402204,0.0189515,2.8276699776088168,1414.5922373100093,163.11004551343655,340.54689907078097,1.0
Llama2-13B,20,4,5,32,32,1920,0.048979,0.0085462119402204,0.0105752499999999,0.0681004619402204,0.0189515,2.8929699776088165,1382.662119192194,163.58178346605925,333.9835102106194,1.0
Llama2-13B,20,4,5,32,32,2048,0.050094,0.0085462119402204,0.01112525,0.0697654619402204,0.0189515,2.959569977608817,1351.5477012751014,164.05387139753262,327.4920577265394,1.0
Llama2-13B,20,4,5,32,32,2176,0.0526145,0.0085462119402204,0.0116752499999999,0.0728359619402204,0.0189515,3.0823899776088166,1297.6943310408196,165.75705743154077,315.0406398075452,1.0
Llama2-13B,20,4,5,32,32,2304,0.0537345,0.0085462119402204,0.01222525,0.0745059619402204,0.0189515,3.1491899776088164,1270.167893471198,166.22919115366432,309.35282016891244,1.0
Llama2-13B,20,4,5,32,32,2432,0.054817,0.0085462119402204,0.0127752499999999,0.0761384619402204,0.0189515,3.214489977608817,1244.3653667806752,166.70092910628694,304.10443677378726,1.0
Llama2-13B,20,4,5,32,32,2560,0.055932,0.0085462119402204,0.01332525,0.0778034619402204,0.0189515,3.2810899776088167,1219.107073349786,167.17301703776025,298.88617792633977,1.0
Llama2-13B,20,4,5,32,32,2688,0.0593545,0.0085462119402204,0.0138752499999999,0.0817759619402204,0.0189515,3.4399899776088163,1162.7940854584856,169.4569953933518,285.4998279715132,1.0
Llama2-13B,20,4,5,32,32,2816,0.0604745,0.0085462119402204,0.01442525,0.0834459619402204,0.0189515,3.506789977608817,1140.6443002119818,169.92912911547518,280.99302865749246,1.0
Llama2-13B,20,4,5,32,32,2944,0.061557,0.0085462119402204,0.0149752499999999,0.0850784619402204,0.0189515,3.5720899776088166,1119.7926214270867,170.4008670680979,276.8180175578697,1.0
Llama2-13B,20,4,5,32,32,3072,0.062672,0.0085462119402204,0.01552525,0.0867434619402204,0.0189515,3.638689977608817,1099.296731684907,170.87295499957125,272.6464050924993,1.0
Llama2-13B,20,4,5,32,32,3200,0.0651925,0.0085462119402204,0.01607525,0.0898139619402204,0.0189515,3.761509977608817,1063.4027355532342,172.57614103357943,264.7177835388725,1.0
Llama2-13B,20,4,5,32,32,3328,0.0663125,0.0085462119402204,0.0166252499999999,0.0914839619402204,0.0189515,3.828309977608817,1044.8474714418037,173.04827475570295,260.9587555222665,1.0
Llama2-13B,20,4,5,32,32,3456,0.067395,0.0085462119402204,0.01717525,0.0931164619402204,0.0189515,3.893609977608817,1027.32426283141,173.52001270832557,257.46719001161154,1.0
Llama2-13B,20,4,5,32,32,3584,0.06851,0.0085462119402204,0.01772525,0.0947814619402204,0.0189515,3.960209977608817,1010.04745268967,173.9921006397989,253.9659913002466,1.0
Llama2-13B,20,4,5,32,32,3712,0.0696725,0.0085462119402204,0.01827525,0.0964939619402204,0.0189515,4.028709977608817,992.8736548998602,174.46472347607337,250.4068656587223,1.0
Llama2-13B,20,4,5,32,32,3840,0.0707925,0.0085462119402204,0.01882525,0.0981639619402204,0.0189515,4.095509977608817,976.6793444208428,174.93685719819678,247.1121336274277,1.0
Llama2-13B,20,4,5,32,32,3968,0.071875,0.0085462119402204,0.01937525,0.0997964619402204,0.0189515,4.1608099776088165,961.3512805260978,175.40859515081948,244.04674107940104,1.0
Llama2-13B,20,4,5,32,32,4096,0.07299,0.0085462119402204,0.01992525,0.1014614619402204,0.0189515,4.227409977608818,946.205837897594,175.88068308229282,240.9654515444484,1.0
Llama2-13B,20,5,4,32,32,128,0.0370305,0.0083929428536551,0.00287525,0.0482986928536551,0.024332,2.106279714146205,2373.853750961459,158.81512509108265,536.0956680678179,1.0
Llama2-13B,20,5,4,32,32,256,0.0381505,0.0083929428536551,0.00342525,0.0499686928536551,0.024332,2.173079714146205,2300.882000531896,159.28624524447036,521.9009097012829,1.0
Llama2-13B,20,5,4,32,32,384,0.039233,0.0083929428536551,0.00397525,0.0516011928536551,0.024332,2.238379714146205,2233.758628351031,159.75696962835718,509.0006169180192,1.0
Llama2-13B,20,5,4,32,32,512,0.040348,0.0083929428536551,0.00452525,0.0532661928536551,0.024332,2.304979714146205,2169.216487812808,160.22804399109472,496.3940095887489,1.0
Llama2-13B,20,5,4,32,32,640,0.0415105,0.0083929428536551,0.00507525,0.0549786928536551,0.024332,2.373479714146205,2106.6116428968994,160.6996532586333,483.9126644422296,1.0
Llama2-13B,20,5,4,32,32,768,0.0426305,0.0083929428536551,0.00562525,0.0566486928536551,0.024332,2.440279714146205,2048.9454430224523,161.17077341202102,472.5805861179818,1.0
Llama2-13B,20,5,4,32,32,896,0.043713,0.0083929428536551,0.00617525,0.0582811928536551,0.024332,2.5055797141462053,1995.5461691242929,161.64149779590787,462.2237600825494,1.0
Llama2-13B,20,5,4,32,32,1024,0.044828,0.0083929428536551,0.00672525,0.0599461928536551,0.024332,2.572179714146205,1943.8766165915715,162.11257215864543,452.040499683918,1.0
Llama2-13B,20,5,4,32,32,1152,0.0473805,0.0083929428536551,0.00727525,0.0630486928536551,0.024332,2.696279714146205,1854.4070089491008,163.8958308054591,432.3926267279238,1.0
Llama2-13B,20,5,4,32,32,1280,0.0485005,0.0083929428536551,0.00782525,0.0647186928536551,0.024332,2.7630797141462056,1809.5750095089115,164.3669509588468,423.6217950300686,1.0
Llama2-13B,20,5,4,32,32,1408,0.049583,0.0083929428536551,0.0083752499999999,0.0663511928536551,0.024332,2.8283797141462053,1767.7965850880582,164.83767534273363,415.55995840997326,1.0
Llama2-13B,20,5,4,32,32,1536,0.050698,0.0083929428536551,0.00892525,0.0680161928536551,0.024332,2.894979714146205,1727.12781908892,165.30874970547114,407.5820291369265,1.0
Llama2-13B,20,5,4,32,32,1664,0.0518605,0.0083929428536551,0.00947525,0.0697286928536551,0.024332,2.963479714146205,1687.2057453717136,165.78035897300973,399.5824350252353,1.0
Llama2-13B,20,5,4,32,32,1792,0.0529805,0.0083929428536551,0.01002525,0.0713986928536551,0.024332,3.030279714146205,1650.0126957450766,166.25147912639738,392.24686235123625,1.0
Llama2-13B,20,5,4,32,32,1920,0.054063,0.0083929428536551,0.0105752499999999,0.0730311928536551,0.024332,3.0955797141462047,1615.2063463754334,166.72220351028432,385.4812984626368,1.0
Llama2-13B,20,5,4,32,32,2048,0.055178,0.0083929428536551,0.01112525,0.0746961928536551,0.024332,3.1621797141462054,1581.1878046121772,167.19327787302188,378.75892084033,1.0
Llama2-13B,20,5,4,32,32,2176,0.0599585,0.0083929428536551,0.0116752499999999,0.0800266928536551,0.024332,3.375399714146205,1481.3060447463868,170.7068058576114,355.8853328919405,1.0
Llama2-13B,20,5,4,32,32,2304,0.0610785,0.0083929428536551,0.01222525,0.0816966928536551,0.024332,3.442199714146205,1452.559530306099,171.17792601099902,350.3236122592217,1.0
Llama2-13B,20,5,4,32,32,2432,0.062161,0.0083929428536551,0.0127752499999999,0.0833291928536551,0.024332,3.507499714146205,1425.5168659984051,171.64865039488595,345.1695001586321,1.0
Llama2-13B,20,5,4,32,32,2560,0.063276,0.0083929428536551,0.01332525,0.0849941928536551,0.024332,3.5740997141462048,1398.953694607376,172.11972475762343,340.01778865135174,1.0
Llama2-13B,20,5,4,32,32,2688,0.0644385,0.0083929428536551,0.0138752499999999,0.0867066928536551,0.024332,3.642599714146205,1372.6460199791563,172.59133402516196,334.79855603630205,1.0
Llama2-13B,20,5,4,32,32,2816,0.0655585,0.0083929428536551,0.01442525,0.0883766928536551,0.024332,3.709399714146205,1347.926992319525,173.06245417854967,329.9771467058995,1.0
Llama2-13B,20,5,4,32,32,2944,0.066641,0.0083929428536551,0.0149752499999999,0.0900091928536551,0.024332,3.774699714146205,1324.608678476281,173.53317856243646,325.5000273150847,1.0
Llama2-13B,20,5,4,32,32,3072,0.067756,0.0083929428536551,0.01552525,0.0916741928536551,0.024332,3.841299714146205,1301.6427699163112,174.00425292517406,321.01262789489886,1.0
Llama2-13B,20,5,4,32,32,3200,0.0702765,0.0083929428536551,0.01607525,0.0947446928536551,0.024332,3.9641197141462055,1261.3140774122417,175.70642539044653,312.52699229195827,1.0
Llama2-13B,20,5,4,32,32,3328,0.0713965,0.0083929428536551,0.0166252499999999,0.0964146928536551,0.024332,4.030919714146205,1240.4117061555162,176.17754554383407,308.44919839178766,1.0
Llama2-13B,20,5,4,32,32,3456,0.072479,0.0083929428536551,0.01717525,0.0980471928536551,0.024332,4.096219714146206,1220.637648594046,176.64826992772106,304.6542273067389,1.0
Llama2-13B,20,5,4,32,32,3584,0.073594,0.0083929428536551,0.01772525,0.0997121928536551,0.024332,4.162819714146206,1201.108946181086,177.11934429045863,300.8386286423801,1.0
Llama2-13B,20,5,4,32,32,3712,0.0747565,0.0083929428536551,0.01827525,0.1014246928536551,0.024332,4.231319714146205,1181.6644304338272,177.59095355799715,296.94901707208925,1.0
Llama2-13B,20,5,4,32,32,3840,0.0758765,0.0083929428536551,0.01882525,0.1030946928536551,0.024332,4.298119714146206,1163.299380318265,178.0620737113848,293.3419334566446,1.0
Llama2-13B,20,5,4,32,32,3968,0.076959,0.0083929428536551,0.01937525,0.1047271928536551,0.024332,4.363419714146206,1145.890225455507,178.53279809527166,289.9803760691923,1.0
Llama2-13B,20,5,4,32,32,4096,0.078074,0.0083929428536551,0.01992525,0.1063921928536551,0.024332,4.430019714146206,1128.6631488419112,179.00387245800923,286.59328402862866,1.0
Llama2-13B,20,10,2,32,32,128,0.0531435,0.0074477834865025,0.00287525,0.0634665334865025,0.040868,2.7295293394601003,3663.635285187297,134.63063625715705,633.3353855935205,1.0
Llama2-13B,20,10,2,32,32,256,0.0542635,0.0074477834865025,0.00342525,0.0651365334865025,0.040868,2.7963293394601005,3576.1166822827613,135.09972927307317,622.4245085235613,1.0
Llama2-13B,20,10,2,32,32,384,0.055346,0.0074477834865025,0.00397525,0.0667690334865025,0.040868,2.8616293394601007,3494.512675735525,135.5684265194884,612.3677705682812,1.0
Llama2-13B,20,10,2,32,32,512,0.056461,0.0074477834865025,0.00452525,0.0684340334865025,0.040868,2.9282293394601,3415.0330594815287,136.0374737447543,602.3515069904639,1.0
Llama2-13B,20,10,2,32,32,640,0.0576235,0.0074477834865025,0.00507525,0.0701465334865025,0.040868,2.9967293394601007,3336.971366857452,136.50705587482128,592.2369166868608,1.0
Llama2-13B,20,10,2,32,32,768,0.0587435,0.0074477834865025,0.00562525,0.0718165334865025,0.040868,3.0635293394601004,3264.208986411191,136.97614889073736,582.9417250024998,1.0
Llama2-13B,20,10,2,32,32,896,0.059826,0.0074477834865025,0.00617525,0.0734490334865025,0.040868,3.1288293394601,3196.0835555593344,137.4448461371526,574.3524810999926,1.0
Llama2-13B,20,10,2,32,32,1024,0.060941,0.0074477834865025,0.00672525,0.0751140334865025,0.040868,3.1954293394601008,3129.469920210972,137.9138933624186,565.768092755364,1.0
Llama2-13B,20,10,2,32,32,1152,0.0657535,0.0074477834865025,0.00727525,0.0804765334865025,0.040868,3.4099293394601005,2932.612087962889,141.50648039107773,538.0188141736855,1.0
Llama2-13B,20,10,2,32,32,1280,0.0668735,0.0074477834865025,0.00782525,0.0821465334865025,0.040868,3.4767293394601007,2876.2664629950445,141.9755734069938,530.7617120645464,1.0
Llama2-13B,20,10,2,32,32,1408,0.067956,0.0074477834865025,0.0083752499999999,0.0837790334865025,0.040868,3.5420293394601003,2823.240307073308,142.4442706534091,524.0312505643692,1.0
Llama2-13B,20,10,2,32,32,1536,0.069071,0.0074477834865025,0.00892525,0.0854440334865025,0.040868,3.6086293394601,2771.1352592106723,142.91331787867492,517.269613436446,1.0
Llama2-13B,20,10,2,32,32,1664,0.0702335,0.0074477834865025,0.00947525,0.0871565334865025,0.040868,3.677129339460101,2719.512716805404,143.38290000874193,510.37930620267366,1.0
Llama2-13B,20,10,2,32,32,1792,0.0713535,0.0074477834865025,0.01002525,0.0888265334865025,0.040868,3.7439293394601,2670.9905805653016,143.85199302465796,504.0116918744632,1.0
Llama2-13B,20,10,2,32,32,1920,0.072436,0.0074477834865025,0.0105752499999999,0.0904590334865025,0.040868,3.8092293394601,2625.2029239639705,144.32069027107332,498.09725230228514,1.0
Llama2-13B,20,10,2,32,32,2048,0.073551,0.0074477834865025,0.01112525,0.0921240334865025,0.040868,3.875829339460101,2580.0929618312325,144.78973749633928,492.14061500298845,1.0
Llama2-13B,20,10,2,32,32,2176,0.0783315,0.0074477834865025,0.0116752499999999,0.0974545334865025,0.040868,4.0890493394601,2445.556208749576,148.30123834345713,473.3129020364004,1.0
Llama2-13B,20,10,2,32,32,2304,0.0794515,0.0074477834865025,0.01222525,0.0991245334865024,0.040868,4.1558493394601,2406.2469986698634,148.77033135937322,468.1168113861074,1.0
Llama2-13B,20,10,2,32,32,2432,0.080534,0.0074477834865025,0.0127752499999999,0.1007570334865025,0.040868,4.2211493394601,2369.0230304145166,149.23902860578846,463.2795732417004,1.0
Llama2-13B,20,10,2,32,32,2560,0.081649,0.0074477834865025,0.01332525,0.1024220334865025,0.040868,4.2877493394601,2332.225885494316,149.7080758310544,458.3891897973472,1.0
Llama2-13B,20,10,2,32,32,2688,0.0828115,0.0074477834865025,0.0138752499999999,0.1041345334865025,0.040868,4.3562493394601,2295.55271536394,150.17765796112135,453.371989280237,1.0
Llama2-13B,20,10,2,32,32,2816,0.0839315,0.0074477834865025,0.01442525,0.1058045334865025,0.040868,4.423049339460101,2260.8836647570947,150.64675097703747,448.7193454693336,1.0
Llama2-13B,20,10,2,32,32,2944,0.085014,0.0074477834865025,0.0149752499999999,0.1074370334865025,0.040868,4.4883493394601,2227.990569290868,151.1154482234527,444.3840079970732,1.0
Llama2-13B,20,10,2,32,32,3072,0.086129,0.0074477834865025,0.01552525,0.1091020334865025,0.040868,4.554949339460101,2195.41409898212,151.58449544871866,439.9926141274095,1.0
Llama2-13B,20,10,2,32,32,3200,0.0909095,0.0074477834865025,0.01607525,0.1144325334865025,0.040868,4.7681693394601,2097.240950996153,155.09599629583656,426.5120705092331,1.0
Llama2-13B,20,10,2,32,32,3328,0.0920295,0.0074477834865025,0.0166252499999999,0.1161025334865025,0.040868,4.8349693394601,2068.265442427119,155.5650893117526,422.5957147212377,1.0
Llama2-13B,20,10,2,32,32,3456,0.093112,0.0074477834865025,0.01717525,0.1177350334865025,0.040868,4.900269339460101,2040.7041546621956,156.03378655816783,418.9411315355912,1.0
Llama2-13B,20,10,2,32,32,3584,0.094227,0.0074477834865025,0.01772525,0.1194000334865025,0.040868,4.9668693394601,2013.340661199476,156.50283378343389,415.2282089619584,1.0
Llama2-13B,20,10,2,32,32,3712,0.0953895,0.0074477834865025,0.01827525,0.1211125334865025,0.040868,5.0353693394601,1985.9516404554772,156.9724159135008,411.3985708948596,1.0
Llama2-13B,20,10,2,32,32,3840,0.0965095,0.0074477834865025,0.01882525,0.1227825334865025,0.040868,5.1021693394601,1959.9506277967205,157.44150892941684,407.8394068185433,1.0
Llama2-13B,20,10,2,32,32,3968,0.097592,0.0074477834865025,0.01937525,0.1244150334865025,0.040868,5.1674693394601,1935.1832285946,157.9102061758322,404.5162671526152,1.0
Llama2-13B,20,10,2,32,32,4096,0.098707,0.0074477834865025,0.01992525,0.1260800334865025,0.040868,5.234069339460101,1910.5593280182848,158.37925340109808,401.1348065514554,1.0
Llama2-13B,20,20,1,32,32,128,0.088245,0.0056851889910016,0.00287525,0.0968054389910016,0.077148,4.099365559640067,4878.803734145642,127.05089775403898,719.8759009237856,1.0
Llama2-13B,20,20,1,32,32,256,0.089365,0.0056851889910016,0.00342525,0.0984754389910016,0.077148,4.166165559640068,4800.577344729401,127.51897720121924,713.4727085616248,1.0
Llama2-13B,20,20,1,32,32,384,0.0904475,0.0056851889910016,0.00397525,0.1001079389910016,0.077148,4.231465559640068,4726.494808503468,127.54032260882516,705.0516742244123,1.0
Llama2-13B,20,20,1,32,32,512,0.0915625,0.0056851889910016,0.00452525,0.1017729389910016,0.077148,4.298065559640068,4653.256150349381,128.45469453542876,701.4590827873246,1.0
Llama2-13B,20,20,1,32,32,640,0.094985,0.0056851889910016,0.00507525,0.1057454389910016,0.077148,4.456965559640068,4487.357986588333,130.73461861607706,688.1856009689794,1.0
Llama2-13B,20,20,1,32,32,768,0.096105,0.0056851889910016,0.00562525,0.1074154389910016,0.077148,4.523765559640068,4421.095597533859,131.20269806325726,682.6007911308326,1.0
Llama2-13B,20,20,1,32,32,896,0.0971875,0.0056851889910016,0.00617525,0.1090479389910016,0.077148,4.589065559640068,4358.185722142669,131.22410443798742,675.1079327999354,1.0
Llama2-13B,20,20,1,32,32,1024,0.0983025,0.0056851889910016,0.00672525,0.1107129389910016,0.077148,4.655665559640068,4295.841216211891,132.1384153974669,672.1009913149052,1.0
Llama2-13B,20,20,1,32,32,1152,0.103115,0.0056851889910016,0.00727525,0.1160754389910016,0.077148,4.870165559640068,4106.636572223248,135.72998885739025,658.1486149318249,1.0
Llama2-13B,20,20,1,32,32,1280,0.104235,0.0056851889910016,0.00782525,0.1177454389910016,0.077148,4.9369655596400674,4051.0714037588127,136.19806830457057,653.3221485325013,1.0
Llama2-13B,20,20,1,32,32,1408,0.1053175,0.0056851889910016,0.0083752499999999,0.1193779389910016,0.077148,5.002265559640067,3998.1883731576777,136.21947467930065,646.7086413905603,1.0
Llama2-13B,20,20,1,32,32,1536,0.1064325,0.0056851889910016,0.00892525,0.1210429389910016,0.077148,5.068865559640067,3945.656037762456,137.1337856387801,644.228903947479,1.0
Llama2-13B,20,20,1,32,32,1664,0.109855,0.0056851889910016,0.00947525,0.1250154389910016,0.077148,5.227765559640067,3825.726263320998,139.41370971942837,634.535113192064,1.0
Llama2-13B,20,20,1,32,32,1792,0.110975,0.0056851889910016,0.01002525,0.1266854389910016,0.077148,5.294565559640068,3777.4581832469794,139.88178916660868,630.2400953665629,1.0
Llama2-13B,20,20,1,32,32,1920,0.1120575,0.0056851889910016,0.0105752499999999,0.1283179389910017,0.077148,5.359865559640068,3731.436876066545,139.90319554133876,624.2473531059445,1.0
Llama2-13B,20,20,1,32,32,2048,0.1131725,0.0056851889910016,0.01112525,0.1299829389910016,0.077148,5.426465559640067,3685.6402717732494,140.81750650081824,622.1365901646526,1.0
Llama2-13B,20,20,1,32,32,2176,0.117953,0.0056851889910016,0.0116752499999999,0.1353134389910016,0.077148,5.639685559640068,3546.297003352156,144.32799377920034,611.8029799123393,1.0
Llama2-13B,20,20,1,32,32,2304,0.119073,0.0056851889910016,0.01222525,0.1369834389910016,0.077148,5.706485559640067,3504.784125180804,144.79607322638063,608.0138789917972,1.0
Llama2-13B,20,20,1,32,32,2432,0.1201555,0.0056851889910016,0.0127752499999999,0.1386159389910016,0.077148,5.771785559640067,3465.1322010042268,144.8174796011107,602.6252631011924,1.0
Llama2-13B,20,20,1,32,32,2560,0.1212705,0.0056851889910016,0.01332525,0.1402809389910017,0.077148,5.838385559640068,3425.604526404896,145.7317905605902,600.8542496344544,1.0
Llama2-13B,20,20,1,32,32,2688,0.124693,0.0056851889910016,0.0138752499999999,0.1442534389910016,0.077148,5.997285559640068,3334.842038303795,148.01171464123854,593.5045056307831,1.0
Llama2-13B,20,20,1,32,32,2816,0.125813,0.0056851889910016,0.01442525,0.1459234389910016,0.077148,6.064085559640068,3298.106499867244,148.47979408841877,590.0812876587423,1.0
Llama2-13B,20,20,1,32,32,2944,0.1268955,0.0056851889910016,0.0149752499999999,0.1475559389910016,0.077148,6.129385559640068,3262.9698042970635,148.50120046314885,585.1318622927873,1.0
Llama2-13B,20,20,1,32,32,3072,0.1280105,0.0056851889910016,0.01552525,0.1492209389910016,0.077148,6.195985559640067,3227.896483535676,149.41551142262833,583.6064675266027,1.0
Llama2-13B,20,20,1,32,32,3200,0.132791,0.0056851889910016,0.01607525,0.1545514389910016,0.077148,6.409205559640067,3120.5115538723926,152.9259987010104,575.8146211001136,1.0
Llama2-13B,20,20,1,32,32,3328,0.133911,0.0056851889910016,0.0166252499999999,0.1562214389910017,0.077148,6.476005559640068,3088.323475916161,153.3940781481907,572.746369410245,1.0
Llama2-13B,20,20,1,32,32,3456,0.1349935,0.0056851889910016,0.01717525,0.1578539389910016,0.077148,6.541305559640067,3057.4936176961733,153.41548452292074,568.2328575928497,1.0
Llama2-13B,20,20,1,32,32,3584,0.1361085,0.0056851889910016,0.01772525,0.1595189389910016,0.077148,6.607905559640067,3026.6776393047303,154.32979548240027,566.9366552507751,1.0
Llama2-13B,20,20,1,32,32,3712,0.139531,0.0056851889910016,0.01827525,0.1634914389910016,0.077148,6.7668055596400665,2955.604357732398,156.6097195630485,561.2004485134074,1.0
Llama2-13B,20,20,1,32,32,3840,0.140651,0.0056851889910016,0.01882525,0.1651614389910016,0.077148,6.833605559640067,2926.712673924572,157.07779901022883,558.3955997832534,1.0
Llama2-13B,20,20,1,32,32,3968,0.1417335,0.0056851889910016,0.01937525,0.1667939389910017,0.077148,6.898905559640069,2899.010549876761,157.09920538495896,554.20632872595,1.0
Llama2-13B,20,20,1,32,32,4096,0.1428485,0.0056851889910016,0.01992525,0.1684589389910016,0.077148,6.965505559640067,2871.2919441031177,158.0135163444384,553.0807685920341,1.0
Llama2-13B,20,40,1,32,16,128,0.1663145,0.0006398072596958,0.0057505,0.1727048072596958,0.1499815,7.208173790387835,5549.255770350648,121.8983464357655,732.9387782530417,1.0
Llama2-13B,20,40,1,32,16,256,0.168486,0.0006398072596958,0.0068505,0.1759763072596958,0.1499815,7.339033790387835,5450.308738513953,122.2919867891854,725.8287738398764,1.0
Llama2-13B,20,40,1,32,16,384,0.1728785,0.0006398072596958,0.0079505,0.1814688072596958,0.1499815,7.558733790387834,5291.891619581383,123.59107995357846,714.9013900142496,1.0
Llama2-13B,20,40,1,32,16,512,0.17505,0.0006398072596958,0.0090505,0.1847403072596958,0.1499815,7.689593790387835,5201.83524518563,123.98472030699844,708.2817498257548,1.0
Llama2-13B,20,40,1,32,16,640,0.1794425,0.0006398072596958,0.0101505,0.1902328072596958,0.1499815,7.909293790387836,5057.341535171193,125.28381347139144,698.1836157621044,1.0
Llama2-13B,20,40,1,32,16,768,0.181614,0.0006398072596958,0.0112505,0.1935043072596958,0.1499815,8.040153790387834,4975.029214966113,125.6774538248114,692.0031155352084,1.0
Llama2-13B,20,40,1,32,16,896,0.1860065,0.0006398072596958,0.0123505,0.1989968072596958,0.1499815,8.259853790387835,4842.7007323723865,126.9765469892045,682.6457515689206,1.0
Llama2-13B,20,40,1,32,16,1024,0.188178,0.0006398072596958,0.0134505,0.2022683072596958,0.1499815,8.390713790387837,4767.174879188808,127.3701873426244,676.8601395626712,1.0
Llama2-13B,20,40,1,32,16,1152,0.194589,0.0006398072596958,0.0145505,0.2097793072596958,0.1499815,8.691153790387835,4602.380876545856,129.6197351734788,666.120567830035,1.0
Llama2-13B,20,40,1,32,16,1280,0.1967605,0.0006398072596958,0.0156505,0.2130508072596958,0.1499815,8.822013790387837,4534.112159695627,130.01337552689864,660.7696947654563,1.0
Llama2-13B,20,40,1,32,16,1408,0.201153,0.0006398072596958,0.0167504999999999,0.2185433072596958,0.1499815,9.041713790387837,4423.940076772131,131.3124686912917,652.7989574666633,1.0
Llama2-13B,20,40,1,32,16,1536,0.2033245,0.0006398072596958,0.0178505,0.2218148072596958,0.1499815,9.172573790387837,4360.826188383132,131.70610904471167,647.7631030432223,1.0
Llama2-13B,20,40,1,32,16,1664,0.207717,0.0006398072596958,0.0189505,0.2273073072596959,0.1499815,9.392273790387836,4258.8196311884,133.00520220910474,640.3192911947731,1.0
Llama2-13B,20,40,1,32,16,1792,0.2098885,0.0006398072596958,0.0200505,0.2305788072596958,0.1499815,9.523133790387837,4200.298019584053,133.3988425625246,635.570041057631,1.0
Llama2-13B,20,40,1,32,16,1920,0.214281,0.0006398072596958,0.0211504999999999,0.2360713072596958,0.1499815,9.742833790387836,4105.58168809813,134.69793572691768,628.6041960179281,1.0
Llama2-13B,20,40,1,32,16,2048,0.2164525,0.0006398072596958,0.0222505,0.2393428072596958,0.1499815,9.873693790387836,4051.168777275684,135.09157608033763,624.1164970621156,1.0
Llama2-13B,20,40,1,32,16,2176,0.222835,0.0006398072596958,0.0233504999999999,0.2468253072596958,0.1499815,10.172993790387832,3931.979201421989,137.29055021688194,616.1085566310581,1.0
Llama2-13B,20,40,1,32,16,2304,0.2250065,0.0006398072596958,0.0244505,0.2500968072596958,0.1499815,10.303853790387835,3882.042662262428,137.68419057030184,611.9120584085429,1.0
Llama2-13B,20,40,1,32,16,2432,0.229399,0.0006398072596958,0.0255504999999999,0.2555893072596958,0.1499815,10.523553790387837,3800.99734336283,138.98328373469488,605.8582807017244,1.0
Llama2-13B,20,40,1,32,16,2560,0.2315705,0.0006398072596958,0.0266505,0.2588608072596959,0.1499815,10.654413790387837,3754.312605737827,139.3769240881148,601.8768542975672,1.0
Llama2-13B,20,40,1,32,16,2688,0.235963,0.0006398072596958,0.0277504999999999,0.2643533072596958,0.1499815,10.874113790387833,3678.460679283858,140.67601725250788,596.178287496378,1.0
Llama2-13B,20,40,1,32,16,2816,0.2381345,0.0006398072596958,0.0288505,0.2676248072596958,0.1499815,11.004973790387837,3634.720151259018,141.0696576059278,592.3948760298393,1.0
Llama2-13B,20,40,1,32,16,2944,0.242527,0.0006398072596958,0.0299504999999999,0.2731173072596958,0.1499815,11.224673790387834,3563.577948630784,142.36875077032087,587.0222728616642,1.0
Llama2-13B,20,40,1,32,16,3072,0.2446985,0.0006398072596958,0.0310505,0.2763888072596959,0.1499815,11.355533790387836,3522.5116439580283,142.76239112374077,583.4216030083583,1.0
Llama2-13B,20,40,1,32,16,3200,0.251081,0.0006398072596958,0.0321505,0.2838713072596959,0.1499815,11.654833790387835,3432.052375812468,144.9613652602851,577.3490039480687,1.0
Llama2-13B,20,40,1,32,16,3328,0.2532525,0.0006398072596958,0.0332504999999999,0.2871428072596959,0.1499815,11.785693790387834,3393.945296001425,145.35500561370503,573.9528952871343,1.0
Llama2-13B,20,40,1,32,16,3456,0.257645,0.0006398072596958,0.0343505,0.2926353072596959,0.1499815,12.005393790387837,3331.835731371524,146.6540987780981,569.2099546977353,1.0
Llama2-13B,20,40,1,32,16,3584,0.2598165,0.0006398072596958,0.0354505,0.2959068072596958,0.1499815,12.136253790387835,3295.90998102568,147.047739131518,565.9676699960085,1.0
Llama2-13B,20,40,1,32,16,3712,0.264209,0.0006398072596958,0.0365505,0.3013993072596959,0.1499815,12.355953790387836,3237.3057295760946,148.34683229591104,561.4753180092691,1.0
Llama2-13B,20,40,1,32,16,3840,0.2663805,0.0006398072596958,0.0376505,0.3046708072596958,0.1499815,12.486813790387831,3203.379234404169,148.74047264933102,558.3759796581618,1.0
Llama2-13B,20,40,1,32,16,3968,0.270773,0.0006398072596958,0.0387505,0.3101633072596959,0.1499815,12.706513790387836,3147.991704086373,150.039565813724,554.1156829289627,1.0
Llama2-13B,20,40,1,32,16,4096,0.2729445,0.0006398072596958,0.0398505,0.3134348072596958,0.1499815,12.837373790387836,3115.902103742633,150.433206167144,551.1494320902012,1.0
Llama2-70B,32,1,32,32,32,128,0.0378095,0.024571346435546874,0.00326,0.06564084643554688,0.0100555,5.411323214843751,184.79768446595634,1772.5390334801666,586.0098101932605,1.0
Llama2-70B,32,1,32,32,32,256,0.0399045,0.024571346435546874,0.0041400000000000005,0.06861584643554688,0.0100555,5.649323214843751,177.01235386434834,1775.4480739596336,556.1553439961763,1.0
Llama2-70B,32,1,32,32,32,384,0.0420485,0.024571346435546874,0.00502,0.07163984643554687,0.0100555,5.89124321484375,169.74345881364573,1778.3582188561911,528.662799759858,1.0
Llama2-70B,32,1,32,32,32,512,0.0441925,0.024571346435546874,0.0059,0.07466384643554688,0.0100555,6.133163214843751,163.04800067602244,1781.2683637527498,503.8378581639275,1.0
Llama2-70B,32,1,32,32,32,640,0.0463215,0.024571346435546874,0.00678,0.07767284643554687,0.0100555,6.373883214843749,156.89022943990577,1784.178136480157,481.46598676644675,1.0
Llama2-70B,32,1,32,32,32,768,0.0484165,0.024571346435546874,0.00766,0.08064784643554687,0.0100555,6.6118832148437505,151.2428407318189,1787.087176959623,461.38381981339603,1.0
Llama2-70B,32,1,32,32,32,896,0.0505605,0.024571346435546874,0.008539999999999999,0.08367184643554687,0.0100555,6.85380321484375,145.90439332051898,1789.997321856182,442.53847416861515,1.0
Llama2-70B,32,1,32,32,32,1024,0.0527045,0.024571346435546874,0.00942,0.08669584643554687,0.0100555,7.0957232148437495,140.92996157291915,1792.9074667527402,425.22637221507176,1.0
Llama2-70B,32,1,32,32,32,1152,0.060012,0.024571346435546874,0.010299999999999998,0.09488334643554688,0.0100555,7.750723214843751,129.02021815007612,1804.9693187094542,375.9600827145933,1.0
Llama2-70B,32,1,32,32,32,1280,0.062107,0.024571346435546874,0.011179999999999999,0.09785834643554688,0.0100555,7.98872321484375,125.17644848952985,1807.87835918892,363.8636464466405,1.0
Llama2-70B,32,1,32,32,32,1408,0.064251,0.024571346435546874,0.01206,0.10088234643554687,0.0100555,8.23064321484375,121.49718726678931,1810.7885040854787,352.2880002033972,1.0
Llama2-70B,32,1,32,32,32,1536,0.066395,0.024571346435546874,0.012939999999999998,0.10390634643554686,0.0100555,8.472563214843749,118.02803645631366,1813.6986489820367,341.45994596393496,1.0
Llama2-70B,32,1,32,32,32,1664,0.068524,0.024571346435546874,0.013819999999999999,0.10691534643554687,0.0100555,8.71328321484375,114.76730129653342,1816.6084217094447,331.3817826070876,1.0
Llama2-70B,32,1,32,32,32,1792,0.070619,0.024571346435546874,0.0147,0.10989034643554688,0.0100555,8.95128321484375,111.71582621156688,1819.5174621889114,322.06585022956125,1.0
Llama2-70B,32,1,32,32,32,1920,0.072763,0.024571346435546874,0.015579999999999998,0.11291434643554686,0.0100555,9.193203214843749,108.77601382566593,1822.4276070854692,313.0759464091415,1.0
Llama2-70B,32,1,32,32,32,2048,0.074907,0.024571346435546874,0.01646,0.11593834643554687,0.0100555,9.43512321484375,105.98695716307722,1825.3377519820276,304.6006634863944,1.0
Llama2-70B,32,1,32,32,32,2176,0.082186,0.024571346435546874,0.01734,0.12409734643554687,0.0100555,10.08784321484375,99.12921708859935,1837.2133904274888,279.42918964718586,1.0
Llama2-70B,32,1,32,32,32,2304,0.084281,0.024571346435546874,0.018220000000000004,0.12707234643554688,0.0100555,10.32584321484375,96.84439122244913,1840.1224309069548,272.9147777830939,1.0
Llama2-70B,32,1,32,32,32,2432,0.086425,0.024571346435546874,0.019100000000000002,0.13009634643554688,0.0100555,10.567763214843751,94.62740408446835,1843.0325758035128,266.56531324898936,1.0
Llama2-70B,32,1,32,32,32,2560,0.088569,0.024571346435546874,0.01998,0.13312034643554688,0.0100555,10.80968321484375,92.50964899940915,1845.9427207000717,260.52325315574177,1.0
Llama2-70B,32,1,32,32,32,2688,0.090698,0.024571346435546874,0.020860000000000004,0.13612934643554686,0.0100555,11.05040321484375,90.49443541179777,1848.8524934274794,254.8088840751008,1.0
Llama2-70B,32,1,32,32,32,2816,0.092793,0.024571346435546874,0.021740000000000002,0.13910434643554687,0.0100555,11.288403214843749,88.58648836046576,1851.7615339069453,249.44790203826594,1.0
Llama2-70B,32,1,32,32,32,2944,0.094937,0.024571346435546874,0.02262,0.14212834643554687,0.0100555,11.53032321484375,86.72783766483091,1854.6716788035037,244.19768883621555,1.0
Llama2-70B,32,1,32,32,32,3072,0.097081,0.024571346435546874,0.023500000000000004,0.14515234643554686,0.0100555,11.77224321484375,84.945577639705,1857.5818237000622,239.1793738862473,1.0
Llama2-70B,32,1,32,32,32,3200,0.10436,0.024571346435546874,0.024380000000000002,0.1533113464355469,0.0100555,12.424963214843752,80.48313566074211,1869.457462145523,223.9193012343718,1.0
Llama2-70B,32,1,32,32,32,3328,0.106455,0.024571346435546874,0.02526,0.15628634643554687,0.0100555,12.66296321484375,78.97045762778355,1872.3665026249896,219.85422274963466,1.0
Llama2-70B,32,1,32,32,32,3456,0.108599,0.024571346435546874,0.026140000000000004,0.15931034643554687,0.0100555,12.90488321484375,77.49004646936729,1875.2766475215476,215.84874717096238,1.0
Llama2-70B,32,1,32,32,32,3584,0.110743,0.024571346435546874,0.027020000000000002,0.1623343464355469,0.0100555,13.146803214843752,76.0641186802677,1878.1867924181065,211.9983647293854,1.0
Llama2-70B,32,1,32,32,32,3712,0.112872,0.024571346435546874,0.0279,0.16534334643554688,0.0100555,13.387523214843752,74.69641575606943,1881.0965651455142,208.32187844920725,1.0
Llama2-70B,32,1,32,32,32,3840,0.114967,0.024571346435546874,0.028780000000000003,0.16831834643554688,0.0100555,13.625523214843751,73.39167709248716,1884.0056056249803,204.8419987501826,1.0
Llama2-70B,32,1,32,32,32,3968,0.117111,0.024571346435546874,0.029660000000000002,0.17134234643554688,0.0100555,13.867443214843751,72.11134630279915,1886.9157505215387,201.40248893374002,1.0
Llama2-70B,32,1,32,32,32,4096,0.119255,0.024571346435546874,0.03054,0.17436634643554688,0.0100555,14.109363214843752,70.87492077232446,1889.8258954180972,198.0866520709925,1.0
Llama2-70B,32,2,16,32,32,128,0.0415735,0.023975299987792967,0.00326,0.06880879998779296,0.0119035,5.666607499023438,352.94486169099815,1091.338038088195,656.2702431165258,1.0
Llama2-70B,32,2,16,32,32,256,0.0436685,0.023975299987792967,0.0041400000000000005,0.07178379998779297,0.0119035,5.904607499023437,338.7185346918961,1094.1951838483876,626.4213242087479,1.0
Llama2-70B,32,2,16,32,32,384,0.0458125,0.023975299987792967,0.00502,0.07480779998779297,0.0119035,6.1465274990234375,325.3869766819982,1097.0534340256736,598.6649026060975,1.0
Llama2-70B,32,2,16,32,32,512,0.0479565,0.023975299987792967,0.0059,0.07783179998779297,0.0119035,6.388447499023438,313.06510702416,1099.9116842029587,573.3903038185431,1.0
Llama2-70B,32,2,16,32,32,640,0.0500855,0.023975299987792967,0.00678,0.08084079998779296,0.0119035,6.6291674990234375,301.6970080020796,1102.7695622110934,550.4435226817609,1.0
Llama2-70B,32,2,16,32,32,768,0.0521805,0.023975299987792967,0.00766,0.08381579998779297,0.0119035,6.867167499023438,291.2408937577851,1105.626707971287,529.7125880220036,1.0
Llama2-70B,32,2,16,32,32,896,0.0543245,0.023975299987792967,0.008539999999999999,0.08683979998779295,0.0119035,7.1090874990234365,281.3300582212185,1108.484958148572,510.1220251215254,1.0
Llama2-70B,32,2,16,32,32,1024,0.0564685,0.023975299987792967,0.00942,0.08986379998779297,0.0119035,7.351007499023438,272.0715494121989,1111.3432083258572,492.01909397533916,1.0
Llama2-70B,32,2,16,32,32,1152,0.063776,0.023975299987792967,0.010299999999999998,0.09805129998779297,0.0119035,8.006007499023436,249.81240652646875,1123.3531655632985,440.3510590046798,1.0
Llama2-70B,32,2,16,32,32,1280,0.065871,0.023975299987792967,0.011179999999999999,0.10102629998779296,0.0119035,8.244007499023438,242.6004586042546,1126.2103113234914,427.4302467411651,1.0
Llama2-70B,32,2,16,32,32,1408,0.068015,0.023975299987792967,0.01206,0.10405029998779297,0.0119035,8.48592749902344,235.6843138513922,1129.0685615007772,415.0071901421659,1.0
Llama2-70B,32,2,16,32,32,1536,0.070159,0.023975299987792967,0.012939999999999998,0.10707429998779296,0.0119035,8.727847499023438,229.15157491280416,1131.9268116780622,403.34340985406817,1.0
Llama2-70B,32,2,16,32,32,1664,0.072288,0.023975299987792967,0.013819999999999999,0.11008329998779297,0.0119035,8.968567499023438,223.00105342550796,1134.7846896861968,392.45265109222726,1.0
Llama2-70B,32,2,16,32,32,1792,0.074383,0.023975299987792967,0.0147,0.11305829998779297,0.0119035,9.20656749902344,217.23622840023108,1137.64183544639,382.3594892133921,1.0
Llama2-70B,32,2,16,32,32,1920,0.076527,0.023975299987792967,0.015579999999999998,0.11608229998779296,0.0119035,9.448487499023438,211.67409071628796,1140.500085623675,372.5809471244381,1.0
Llama2-70B,32,2,16,32,32,2048,0.078671,0.023975299987792967,0.01646,0.11910629998779297,0.0119035,9.690407499023438,206.38966939228843,1143.3583358009607,363.3353890890418,1.0
Llama2-70B,32,2,16,32,32,2176,0.08595,0.023975299987792967,0.01734,0.12726529998779296,0.0119035,10.343127499023439,193.3651112962528,1155.1820795271485,336.0040952667681,1.0
Llama2-70B,32,2,16,32,32,2304,0.088045,0.023975299987792967,0.018220000000000004,0.13024029998779296,0.0119035,10.581127499023438,189.01577362002166,1158.0392252873419,328.8202695460679,1.0
Llama2-70B,32,2,16,32,32,2432,0.090189,0.023975299987792967,0.019100000000000002,0.13326429998779296,0.0119035,10.823047499023438,184.79083642388704,1160.8974754646274,321.79574988763227,1.0
Llama2-70B,32,2,16,32,32,2560,0.092333,0.023975299987792967,0.01998,0.13628829998779296,0.0119035,11.064967499023439,180.7506438836367,1163.7557256419127,315.0974531429477,1.0
Llama2-70B,32,2,16,32,32,2688,0.094462,0.023975299987792967,0.020860000000000004,0.13929729998779297,0.0119035,11.305687499023438,176.90211233706538,1166.613603650047,308.7520917538393,1.0
Llama2-70B,32,2,16,32,32,2816,0.096557,0.023975299987792967,0.021740000000000002,0.14227229998779298,0.0119035,11.54368749902344,173.2548633328123,1169.4707494102402,302.7928450061208,1.0
Llama2-70B,32,2,16,32,32,2944,0.098701,0.023975299987792967,0.02262,0.14529629998779298,0.0119035,11.785607499023438,169.69850728235443,1172.328999587526,296.9394939229404,1.0
Llama2-70B,32,2,16,32,32,3072,0.100845,0.023975299987792967,0.023500000000000004,0.14832029998779298,0.0119035,12.027527499023439,166.28521532479454,1175.1872497648108,291.33503142565587,1.0
Llama2-70B,32,2,16,32,32,3200,0.108124,0.023975299987792967,0.024380000000000002,0.15647929998779297,0.0119035,12.680247499023439,157.7256280016639,1187.0109934909988,274.455947220552,1.0
Llama2-70B,32,2,16,32,32,3328,0.110219,0.023975299987792967,0.02526,0.15945429998779298,0.0119035,12.91824749902344,154.81976174796083,1189.8681392511915,269.88725611083197,1.0
Llama2-70B,32,2,16,32,32,3456,0.112363,0.023975299987792967,0.026140000000000004,0.16247829998779298,0.0119035,13.160167499023439,151.9737495855134,1192.7263894284772,265.3734746821635,1.0
Llama2-70B,32,2,16,32,32,3584,0.114507,0.023975299987792967,0.027020000000000002,0.16550229998779298,0.0119035,13.40208749902344,149.2304836948522,1195.5846396057625,261.02872304875734,1.0
Llama2-70B,32,2,16,32,32,3712,0.116636,0.023975299987792967,0.0279,0.168511299987793,0.0119035,13.64280749902344,146.59739207953797,1198.442517613897,256.8766327750215,1.0
Llama2-70B,32,2,16,32,32,3840,0.118731,0.023975299987792967,0.028780000000000003,0.17148629998779297,0.0119035,13.880807499023438,144.08383663131318,1201.2996633740902,252.9456635954574,1.0
Llama2-70B,32,2,16,32,32,3968,0.120875,0.023975299987792967,0.029660000000000002,0.17451029998779297,0.0119035,14.122727499023439,141.61570420007723,1204.1579135513757,249.050240651784,1.0
Llama2-70B,32,2,16,32,32,4096,0.123019,0.023975299987792967,0.03054,0.177534299987793,0.0119035,14.364647499023441,139.23070511378486,1207.016163728661,245.2905981451363,1.0
Llama2-70B,32,4,8,32,32,128,0.0523015,0.022723602447509764,0.00326,0.07828510244750976,0.0192475,6.432055695800781,621.8851622524712,834.9598677487925,798.2178979080836,1.0
Llama2-70B,32,4,8,32,32,256,0.0543965,0.022723602447509764,0.0041400000000000005,0.08126010244750977,0.0192475,6.670055695800781,599.6951423536465,837.7910661493493,770.0780989120157,1.0
Llama2-70B,32,4,8,32,32,384,0.0565405,0.022723602447509764,0.00502,0.08428410244750976,0.0192475,6.911975695800781,578.7057385676445,840.6233689669981,743.3816193410017,1.0
Llama2-70B,32,4,8,32,32,512,0.0586845,0.022723602447509764,0.0059,0.08730810244750976,0.0192475,7.153895695800781,559.1359128073302,843.4556717846468,718.6358167698854,1.0
Llama2-70B,32,4,8,32,32,640,0.0608135,0.022723602447509764,0.00678,0.09031710244750976,0.0192475,7.394615695800781,540.9341289056442,846.2876024331451,695.8057030372739,1.0
Llama2-70B,32,4,8,32,32,768,0.0629085,0.022723602447509764,0.00766,0.09329210244750977,0.0192475,7.632615695800781,524.0667366759565,849.1188008337017,674.8839988504745,1.0
Llama2-70B,32,4,8,32,32,896,0.0650525,0.022723602447509764,0.008539999999999999,0.09631610244750977,0.0192475,7.874535695800781,507.9664572646565,851.9511036513504,654.818111257331,1.0
Llama2-70B,32,4,8,32,32,1024,0.0671965,0.022723602447509764,0.00942,0.09934010244750976,0.0192475,8.11645569580078,492.82595136562924,854.7834064689991,636.0326850870202,1.0
Llama2-70B,32,4,8,32,32,1152,0.074504,0.022723602447509764,0.010299999999999998,0.10752760244750977,0.0192475,8.771455695800782,456.02464844175717,866.7674163468038,581.691866441267,1.0
Llama2-70B,32,4,8,32,32,1280,0.076599,0.022723602447509764,0.011179999999999999,0.11050260244750976,0.0192475,9.009455695800781,443.97798657962886,869.59861474736,567.6305269960184,1.0
Llama2-70B,32,4,8,32,32,1408,0.078743,0.022723602447509764,0.01206,0.11352660244750976,0.0192475,9.251375695800782,432.36812897087384,872.4309175650089,553.9736342055861,1.0
Llama2-70B,32,4,8,32,32,1536,0.080887,0.022723602447509764,0.012939999999999998,0.11655060244750975,0.0192475,9.493295695800782,421.3499851025751,875.2632203826578,541.0407237149714,1.0
Llama2-70B,32,4,8,32,32,1664,0.083016,0.022723602447509764,0.013819999999999999,0.11955960244750977,0.0192475,9.734015695800782,410.93009555404615,878.0951510311561,528.8710315066712,1.0
Llama2-70B,32,4,8,32,32,1792,0.085111,0.022723602447509764,0.0147,0.12253460244750977,0.0192475,9.972015695800783,401.1225134437364,880.9263494317127,517.5161550397203,1.0
Llama2-70B,32,4,8,32,32,1920,0.087255,0.022723602447509764,0.015579999999999998,0.12555860244750977,0.0192475,10.213935695800782,391.62181152604137,883.7586522493616,506.42292834184946,1.0
Llama2-70B,32,4,8,32,32,2048,0.089399,0.022723602447509764,0.01646,0.12858260244750977,0.0192475,10.455855695800782,382.5607502986538,886.5909550670102,495.8617854042049,1.0
Llama2-70B,32,4,8,32,32,2176,0.096678,0.022723602447509764,0.01734,0.13674160244750977,0.0192475,11.108575695800782,360.08216620534563,898.3887514335614,464.629363160989,1.0
Llama2-70B,32,4,8,32,32,2304,0.098773,0.022723602447509764,0.018220000000000004,0.13971660244750977,0.0192475,11.346575695800784,352.52926585422125,901.2199498341182,456.20764269290106,1.0
Llama2-70B,32,4,8,32,32,2432,0.100917,0.022723602447509764,0.019100000000000002,0.14274060244750977,0.0192475,11.588495695800782,345.16990858869144,904.052252651767,447.9187117392347,1.0
Llama2-70B,32,4,8,32,32,2560,0.103061,0.022723602447509764,0.01998,0.14576460244750977,0.0192475,11.830415695800783,338.1115341044021,906.8845554694158,439.974653588368,1.0
Llama2-70B,32,4,8,32,32,2688,0.10519,0.022723602447509764,0.020860000000000004,0.14877360244750976,0.0192475,12.07113569580078,331.36898638224164,909.7164861179137,432.4158599286596,1.0
Llama2-70B,32,4,8,32,32,2816,0.107285,0.022723602447509764,0.021740000000000002,0.1517486024475098,0.0192475,12.309135695800784,324.9618900021214,912.5476845184705,425.2913662294219,1.0
Llama2-70B,32,4,8,32,32,2944,0.109429,0.022723602447509764,0.02262,0.15477260244750976,0.0192475,12.551055695800782,318.6982909603599,915.3799873361191,418.25292533794504,1.0
Llama2-70B,32,4,8,32,32,3072,0.111573,0.022723602447509764,0.023500000000000004,0.15779660244750976,0.0192475,12.79297569580078,312.6715859636141,918.2122901537681,411.48498747625683,1.0
Llama2-70B,32,4,8,32,32,3200,0.118852,0.022723602447509764,0.024380000000000002,0.1659556024475098,0.0192475,13.445695695800783,297.49297399681876,930.0100865203193,391.2471336285125,1.0
Llama2-70B,32,4,8,32,32,3328,0.120947,0.022723602447509764,0.02526,0.16893060244750976,0.0192475,13.683695695800782,292.31868998866366,932.8412849208763,385.64052226217945,1.0
Llama2-70B,32,4,8,32,32,3456,0.123091,0.022723602447509764,0.026140000000000004,0.17195460244750976,0.0192475,13.925615695800783,287.2404414553954,935.673587738525,380.073924063711,1.0
Llama2-70B,32,4,8,32,32,3584,0.125235,0.022723602447509764,0.027020000000000002,0.1749786024475098,0.0192475,14.167535695800783,282.33562179663954,938.5058905561739,374.69792412511424,1.0
Llama2-70B,32,4,8,32,32,3712,0.127364,0.022723602447509764,0.0279,0.17798760244750977,0.0192475,14.408255695800783,277.61861563615787,941.3378212046717,369.5462694343268,1.0
Llama2-70B,32,4,8,32,32,3840,0.129459,0.022723602447509764,0.028780000000000003,0.18096260244750975,0.0192475,14.64625569580078,273.1073445035401,944.1690196052284,364.659475048173,1.0
Llama2-70B,32,4,8,32,32,3968,0.131603,0.022723602447509764,0.029660000000000002,0.18398660244750975,0.0192475,14.888175695800781,268.66958596735276,947.0013224228775,359.79473204367576,1.0
Llama2-70B,32,4,8,32,32,4096,0.133747,0.022723602447509764,0.03054,0.18701060244750978,0.0192475,15.130095695800783,264.3737409479943,949.833625240526,355.08595528891345,1.0
Llama2-70B,32,8,4,32,32,128,0.0756395,0.02129309097290039,0.00326,0.10019259097290038,0.0339355,8.199342777832031,975.6879565553742,731.0200577078277,966.4527894920351,1.0
Llama2-70B,32,8,4,32,32,256,0.0777345,0.02129309097290039,0.0041400000000000005,0.10316759097290039,0.0339355,8.437342777832031,948.1658160219483,733.8382824285663,944.0316493044484,1.0
Llama2-70B,32,8,4,32,32,384,0.0798785,0.02129309097290039,0.00502,0.10619159097290039,0.0339355,8.679262777832031,921.7372724827554,736.6576115663969,922.2226400926369,1.0
Llama2-70B,32,8,4,32,32,512,0.0820225,0.02129309097290039,0.0059,0.10921559097290039,0.0339355,8.921182777832032,896.7420799716099,739.4769407042276,901.5537696415341,1.0
Llama2-70B,32,8,4,32,32,640,0.0841515,0.02129309097290039,0.00678,0.11222459097290038,0.0339355,9.161902777832031,873.1810622741655,742.2958976729071,882.0946717205362,1.0
Llama2-70B,32,8,4,32,32,768,0.0862465,0.02129309097290039,0.00766,0.11519959097290039,0.0339355,9.399902777832033,851.0726322474899,745.1141223936457,863.935490012517,1.0
Llama2-70B,32,8,4,32,32,896,0.0883905,0.02129309097290039,0.008539999999999999,0.11822359097290039,0.0339355,9.641822777832031,829.7186314597253,747.9334515314762,846.1694995859016,1.0
Llama2-70B,32,8,4,32,32,1024,0.0905345,0.02129309097290039,0.00942,0.12124759097290039,0.0339355,9.883742777832031,809.4099755350751,750.7527806693067,829.2449626046499,1.0
Llama2-70B,32,8,4,32,32,1152,0.097842,0.02129309097290039,0.010299999999999998,0.12943509097290037,0.0339355,10.53874277783203,759.1038294271486,762.723816867293,779.5464288008149,1.0
Llama2-70B,32,8,4,32,32,1280,0.099937,0.02129309097290039,0.011179999999999999,0.13241009097290038,0.0339355,10.77674277783203,742.3393287678866,765.5420415880315,766.0246371094103,1.0
Llama2-70B,32,8,4,32,32,1408,0.102081,0.02129309097290039,0.01206,0.13543409097290038,0.0339355,11.01866277783203,726.0409145195779,768.3613707258618,752.6977309448986,1.0
Llama2-70B,32,8,4,32,32,1536,0.104225,0.02129309097290039,0.012939999999999998,0.1384580909729004,0.0339355,11.260582777832033,710.4428037018716,771.1806998636921,739.919117163533,1.0
Llama2-70B,32,8,4,32,32,1664,0.106354,0.02129309097290039,0.013819999999999999,0.1414670909729004,0.0339355,11.50130277783203,695.5733758630761,773.999656832372,727.7579186794784,1.0
Llama2-70B,32,8,4,32,32,1792,0.108449,0.02129309097290039,0.0147,0.1444420909729004,0.0339355,11.739302777832032,681.4714767479069,776.8178815531106,716.2978741649168,1.0
Llama2-70B,32,8,4,32,32,1920,0.110593,0.02129309097290039,0.015579999999999998,0.1474660909729004,0.0339355,11.981222777832032,667.7114805678938,779.6372106909413,704.9607214660432,1.0
Llama2-70B,32,8,4,32,32,2048,0.112737,0.02129309097290039,0.01646,0.1504900909729004,0.0339355,12.223142777832031,654.4961590818402,782.4565398287717,694.054782217703,1.0
Llama2-70B,32,8,4,32,32,2176,0.123324,0.02129309097290039,0.01734,0.1619570909729004,0.0339355,13.140502777832033,608.8047113003897,799.1819777710715,648.0344278251363,1.0
Llama2-70B,32,8,4,32,32,2304,0.125419,0.02129309097290039,0.018220000000000004,0.1649320909729004,0.0339355,13.378502777832033,597.9742376894277,802.0002024918098,639.4567031245743,1.0
Llama2-70B,32,8,4,32,32,2432,0.127563,0.02129309097290039,0.019100000000000002,0.1679560909729004,0.0339355,13.620422777832033,587.3532804738211,804.8195316296403,630.9192568610335,1.0
Llama2-70B,32,8,4,32,32,2560,0.129707,0.02129309097290039,0.01998,0.17098009097290037,0.0339355,13.86234277783203,577.1030285582898,807.6388607674709,622.6640511055463,1.0
Llama2-70B,32,8,4,32,32,2688,0.131836,0.02129309097290039,0.020860000000000004,0.17398909097290038,0.0339355,14.103062777832031,567.2526688723842,810.4578177361509,614.7469717953751,1.0
Llama2-70B,32,8,4,32,32,2816,0.133931,0.02129309097290039,0.021740000000000002,0.1769640909729004,0.0339355,14.341062777832033,557.8387127881589,813.2760424568891,607.2351005046547,1.0
Llama2-70B,32,8,4,32,32,2944,0.136075,0.02129309097290039,0.02262,0.1799880909729004,0.0339355,14.582982777832031,548.5846154986212,816.09537159472,599.7393875397534,1.0
Llama2-70B,32,8,4,32,32,3072,0.138219,0.02129309097290039,0.023500000000000004,0.1830120909729004,0.0339355,14.824902777832031,539.6325439626193,818.9147007325503,592.4762158115385,1.0
Llama2-70B,32,8,4,32,32,3200,0.145498,0.02129309097290039,0.024380000000000002,0.1911710909729004,0.0339355,15.477622777832032,516.8752407803913,830.6995234192832,570.9353554133277,1.0
Llama2-70B,32,8,4,32,32,3328,0.147593,0.02129309097290039,0.02526,0.1941460909729004,0.0339355,15.715622777832031,509.0475963373562,833.5177481400217,564.7407045998264,1.0
Llama2-70B,32,8,4,32,32,3456,0.149737,0.02129309097290039,0.026140000000000004,0.1971700909729004,0.0339355,15.957542777832032,501.33031829395907,836.3370772778521,558.5373536786846,1.0
Llama2-70B,32,8,4,32,32,3584,0.151881,0.02129309097290039,0.027020000000000002,0.20019409097290036,0.0339355,16.199462777832025,493.8435372651685,839.1564064156826,552.5091396657139,1.0
Llama2-70B,32,8,4,32,32,3712,0.15401,0.02129309097290039,0.0279,0.2032030909729004,0.0339355,16.440182777832028,486.61259476915393,841.9753633843625,546.701748837324,1.0
Llama2-70B,32,8,4,32,32,3840,0.156105,0.02129309097290039,0.028780000000000003,0.20617809097290038,0.0339355,16.678182777832028,479.66856500896967,844.7935881051009,541.1701022421452,1.0
Llama2-70B,32,8,4,32,32,3968,0.158249,0.02129309097290039,0.029660000000000002,0.20920209097290038,0.0339355,16.920102777832028,472.8103667597839,847.6129172429315,535.6197620477421,1.0
Llama2-70B,32,8,4,32,32,4096,0.160393,0.02129309097290039,0.03054,0.2122260909729004,0.0339355,17.16202277783203,466.1455181339988,850.4322463807619,530.2178065007587,1.0
Llama2-70B,32,16,2,32,32,128,0.1225675,0.018461870346069335,0.00326,0.14428937034606934,0.0633115,11.756461127685547,1360.9537620399433,679.3110902759037,1108.4685422741,1.0
Llama2-70B,32,16,2,32,32,256,0.1246625,0.018461870346069335,0.0041400000000000005,0.14726437034606935,0.0633115,11.994461127685547,1333.9490477874735,682.1228281567331,1094.351273489193,1.0
Llama2-70B,32,16,2,32,32,384,0.1268065,0.018461870346069335,0.00502,0.15028837034606932,0.0633115,12.236381127685545,1307.5761397950446,684.9356704546541,1080.284796843465,1.0
Llama2-70B,32,16,2,32,32,512,0.1289505,0.018461870346069335,0.0059,0.15331237034606932,0.0633115,12.478301127685544,1282.2258283622343,687.7485127525755,1066.6860737299598,1.0
Llama2-70B,32,16,2,32,32,640,0.1310795,0.018461870346069335,0.00678,0.15632137034606933,0.0633115,12.719021127685545,1257.9584418782617,690.5609828813463,1053.652146798464,1.0
Llama2-70B,32,16,2,32,32,768,0.1331745,0.018461870346069335,0.00766,0.15929637034606933,0.0633115,12.957021127685547,1234.8517334599737,693.3727207621757,1041.299529207432,1.0
Llama2-70B,32,16,2,32,32,896,0.1353185,0.018461870346069335,0.008539999999999999,0.16232037034606933,0.0633115,13.198941127685547,1212.2184533757081,696.1855630600971,1028.95843962222,1.0
Llama2-70B,32,16,2,32,32,1024,0.1374625,0.018461870346069335,0.00942,0.16534437034606933,0.0633115,13.440861127685546,1190.3999191720782,698.9984053580187,1017.0023175164407,1.0
Llama2-70B,32,16,2,32,32,1152,0.148078,0.018461870346069335,0.010299999999999998,0.17683987034606932,0.0633115,14.360501127685545,1114.1672465143763,715.9035699716624,966.9276597086161,1.0
Llama2-70B,32,16,2,32,32,1280,0.150173,0.018461870346069335,0.011179999999999999,0.17981487034606933,0.0633115,14.598501127685546,1096.0029293457094,718.7153078524916,957.1831259314139,1.0
Llama2-70B,32,16,2,32,32,1408,0.152317,0.018461870346069335,0.01206,0.18283887034606933,0.0633115,14.840421127685545,1078.1365206780556,721.5281501504127,947.4033103992501,1.0
Llama2-70B,32,16,2,32,32,1536,0.154461,0.018461870346069335,0.012939999999999998,0.18586287034606933,0.0633115,15.082341127685545,1060.843264619574,724.3409924483341,937.8949928439338,1.0
Llama2-70B,32,16,2,32,32,1664,0.15659,0.018461870346069335,0.013819999999999999,0.18887187034606934,0.0633115,15.323061127685547,1044.177783190551,727.1534625771048,928.7355036427678,1.0
Llama2-70B,32,16,2,32,32,1792,0.158685,0.018461870346069335,0.0147,0.19184687034606931,0.0633115,15.561061127685544,1028.2075154587958,729.9652004579344,920.017897668884,1.0
Llama2-70B,32,16,2,32,32,1920,0.160829,0.018461870346069335,0.015579999999999998,0.19487087034606934,0.0633115,15.802981127685547,1012.4671965828835,732.7780427558554,911.2511335093245,1.0
Llama2-70B,32,16,2,32,32,2048,0.162973,0.018461870346069335,0.01646,0.19789487034606934,0.0633115,16.044901127685545,997.2015329151473,735.590885053777,902.7150326173995,1.0
Llama2-70B,32,16,2,32,32,2176,0.17356,0.018461870346069335,0.01734,0.20936187034606932,0.0633115,16.962261127685544,943.2704684568878,752.3098361561676,866.9161513668677,1.0
Llama2-70B,32,16,2,32,32,2304,0.175655,0.018461870346069335,0.018220000000000004,0.21233687034606935,0.0633115,17.200261127685547,930.2184357100483,755.1215740369971,859.778058167427,1.0
Llama2-70B,32,16,2,32,32,2432,0.177799,0.018461870346069335,0.019100000000000002,0.21536087034606935,0.0633115,17.442181127685547,917.3164687874724,757.9344163349188,852.5744423027335,1.0
Llama2-70B,32,16,2,32,32,2560,0.179943,0.018461870346069335,0.01998,0.21838487034606932,0.0633115,17.684101127685544,904.7675018636384,760.7472586328399,845.5424869351294,1.0
Llama2-70B,32,16,2,32,32,2688,0.182072,0.018461870346069335,0.020860000000000004,0.22139387034606933,0.0633115,17.924821127685547,892.6169966230464,763.5597287616107,838.7448138775984,1.0
Llama2-70B,32,16,2,32,32,2816,0.184167,0.018461870346069335,0.021740000000000002,0.22436887034606934,0.0633115,18.162821127685547,880.9204191088595,766.37146664244,832.2570999608396,1.0
Llama2-70B,32,16,2,32,32,2944,0.186311,0.018461870346069335,0.02262,0.22739287034606934,0.0633115,18.404741127685547,869.341214255484,769.184308940361,825.6992973472969,1.0
Llama2-70B,32,16,2,32,32,3072,0.188455,0.018461870346069335,0.023500000000000004,0.23041687034606934,0.0633115,18.646661127685547,858.0624643971285,771.9971512382825,819.290707318227,1.0
Llama2-70B,32,16,2,32,32,3200,0.199042,0.018461870346069335,0.024380000000000002,0.24188387034606934,0.0633115,19.564021127685546,817.8277817006643,788.7161023406734,792.5122359508779,1.0
Llama2-70B,32,16,2,32,32,3328,0.201137,0.018461870346069335,0.02526,0.24485887034606935,0.0633115,19.802021127685546,807.998329909371,791.5278402215024,787.0534414071032,1.0
Llama2-70B,32,16,2,32,32,3456,0.203281,0.018461870346069335,0.026140000000000004,0.24788287034606932,0.0633115,20.043941127685546,798.2462080723295,794.3406825194238,781.5198493901781,1.0
Llama2-70B,32,16,2,32,32,3584,0.205425,0.018461870346069335,0.027020000000000002,0.25090687034606934,0.0633115,20.285861127685546,788.7266850192359,797.1535248173453,776.1017644564638,1.0
Llama2-70B,32,16,2,32,32,3712,0.207554,0.018461870346069335,0.0279,0.25391587034606933,0.0633115,20.526581127685546,779.4771033944737,799.9659949461162,770.8509543984854,1.0
Llama2-70B,32,16,2,32,32,3840,0.209649,0.018461870346069335,0.028780000000000003,0.25689087034606933,0.0633115,20.764581127685545,770.5428730593126,802.7777328269453,765.8302523045141,1.0
Llama2-70B,32,16,2,32,32,3968,0.211793,0.018461870346069335,0.029660000000000002,0.25991487034606936,0.0633115,21.00650112768555,761.66896632361,805.5905751248664,760.7339006717566,1.0
Llama2-70B,32,16,2,32,32,4096,0.213937,0.018461870346069335,0.03054,0.26293887034606933,0.0633115,21.248421127685546,752.9971240617433,808.4034174227882,755.7396966609684,1.0
Llama2-70B,32,32,1,32,32,128,0.2184915,0.01302294651031494,0.00326,0.23477444651031495,0.1213595,19.053315220825194,1679.4977477213065,659.4983912457378,1207.3666778721147,1.0
Llama2-70B,32,32,1,32,32,256,0.2205865,0.01302294651031494,0.0041400000000000005,0.23774944651031493,0.1213595,19.291315220825194,1658.7775189871782,662.3068857066125,1200.992600556449,1.0
Llama2-70B,32,32,1,32,32,384,0.2227305,0.01302294651031494,0.00502,0.24077344651031493,0.1213595,19.533235220825194,1638.2334845322227,663.9004293646318,1192.293699093087,1.0
Llama2-70B,32,32,1,32,32,512,0.2248745,0.01302294651031494,0.0059,0.24379744651031493,0.1213595,19.775155220825194,1618.1921022951483,667.9260834625462,1188.0868368135052,1.0
Llama2-70B,32,32,1,32,32,640,0.2303115,0.01302294651031494,0.00678,0.25011444651031495,0.1213595,20.280515220825194,1577.869183872635,675.6759254269294,1173.4992398155184,1.0
Llama2-70B,32,32,1,32,32,768,0.2324065,0.01302294651031494,0.00766,0.25308944651031495,0.1213595,20.518515220825197,1559.5670376539579,678.4844198878039,1167.7546366178296,1.0
Llama2-70B,32,32,1,32,32,896,0.2345505,0.01302294651031494,0.008539999999999999,0.2561134465103149,0.1213595,20.760435220825194,1541.3935045013015,680.0780854800718,1159.7981423703154,1.0
Llama2-70B,32,32,1,32,32,1024,0.2366945,0.01302294651031494,0.00942,0.25913744651031495,0.1213595,21.002355220825194,1523.6386425970898,684.1036176437375,1156.0955030957418,1.0
Llama2-70B,32,32,1,32,32,1152,0.24731,0.01302294651031494,0.010299999999999998,0.27063294651031494,0.1213595,21.921995220825195,1459.721146622686,701.0055388374268,1133.8086431400702,1.0
Llama2-70B,32,32,1,32,32,1280,0.249405,0.01302294651031494,0.011179999999999999,0.27360794651031495,0.1213595,22.159995220825195,1444.0436327318116,703.8140332983013,1128.7889710283303,1.0
Llama2-70B,32,32,1,32,32,1408,0.251549,0.01302294651031494,0.01206,0.276631946510315,0.1213595,22.4019152208252,1428.4492948286966,705.4076988905691,1121.702251077236,1.0
Llama2-70B,32,32,1,32,32,1536,0.253693,0.01302294651031494,0.012939999999999998,0.27965594651031495,0.1213595,22.643835220825196,1413.1881674606993,709.4332310542352,1118.5696586886277,1.0
Llama2-70B,32,32,1,32,32,1664,0.25913,0.01302294651031494,0.013819999999999999,0.28597294651031496,0.1213595,23.149195220825195,1382.3374719831536,717.1830730186181,1107.0629769129291,1.0
Llama2-70B,32,32,1,32,32,1792,0.261225,0.01302294651031494,0.0147,0.2889479465103149,0.1213595,23.38719522082519,1368.270102415082,719.9915674794926,1102.4849344120855,1.0
Llama2-70B,32,32,1,32,32,1920,0.263369,0.01302294651031494,0.015579999999999998,0.29197194651031494,0.1213595,23.629115220825195,1354.261456721716,721.5852330717605,1095.9303989030757,1.0
Llama2-70B,32,32,1,32,32,2048,0.265513,0.01302294651031494,0.01646,0.2949959465103149,0.1213595,23.871035220825192,1340.5367510866502,725.6107652354265,1093.145368001456,1.0
Llama2-70B,32,32,1,32,32,2176,0.2761,0.01302294651031494,0.01734,0.30646294651031497,0.1213595,24.788395220825198,1290.9266499477221,742.3264729178624,1075.4458137165702,1.0
Llama2-70B,32,32,1,32,32,2304,0.278195,0.01302294651031494,0.018220000000000004,0.309437946510315,0.1213595,25.026395220825197,1278.6499900461838,745.134967378737,1071.3851325562819,1.0
Llama2-70B,32,32,1,32,32,2432,0.280339,0.01302294651031494,0.019100000000000002,0.31246194651031495,0.1213595,25.268315220825194,1266.408136844312,746.7286329710046,1065.4652160006344,1.0
Llama2-70B,32,32,1,32,32,2560,0.282483,0.01302294651031494,0.01998,0.3154859465103149,0.1213595,25.51023522082519,1254.3984688105468,750.7541651346709,1063.0787199720633,1.0
Llama2-70B,32,32,1,32,32,2688,0.28792,0.01302294651031494,0.020860000000000004,0.32180294651031494,0.1213595,26.015595220825194,1230.0314380039383,758.5040070990536,1053.7705016658153,1.0
Llama2-70B,32,32,1,32,32,2816,0.290015,0.01302294651031494,0.021740000000000002,0.32477794651031494,0.1213595,26.253595220825193,1218.8806801826736,761.3125015599285,1050.031897053502,1.0
Llama2-70B,32,32,1,32,32,2944,0.292159,0.01302294651031494,0.02262,0.3278019465103149,0.1213595,26.495515220825194,1207.7515660027,762.9061671521958,1044.5081851350753,1.0
Llama2-70B,32,32,1,32,32,3072,0.294303,0.01302294651031494,0.023500000000000004,0.33082594651031494,0.1213595,26.737435220825194,1196.8238440116318,766.931699315862,1042.3702093636316,1.0
Llama2-70B,32,32,1,32,32,3200,0.30489,0.01302294651031494,0.024380000000000002,0.34229294651031494,0.1213595,27.654795220825196,1157.1230140913387,783.6474069982982,1028.1050962619943,1.0
Llama2-70B,32,32,1,32,32,3328,0.306985,0.01302294651031494,0.02526,0.34526794651031495,0.1213595,27.892795220825196,1147.2496659678015,786.4559014591728,1024.748312079317,1.0
Llama2-70B,32,32,1,32,32,3456,0.309129,0.01302294651031494,0.026140000000000004,0.3482919465103149,0.1213595,28.134715220825193,1137.3848908310165,788.0495670514402,1019.7031880560422,1.0
Llama2-70B,32,32,1,32,32,3584,0.311273,0.01302294651031494,0.027020000000000002,0.35131594651031495,0.1213595,28.376635220825197,1127.6883164962303,792.0750992151064,1017.8526235363897,1.0
Llama2-70B,32,32,1,32,32,3712,0.31671,0.01302294651031494,0.0279,0.3576329465103149,0.1213595,28.881995220825193,1107.9566960431664,799.8249411794899,1010.1669554854465,1.0
Llama2-70B,32,32,1,32,32,3840,0.318805,0.01302294651031494,0.028780000000000003,0.36060794651031497,0.1213595,29.119995220825196,1098.9012792527922,802.6334356403643,1007.0525062534958,1.0
Llama2-70B,32,32,1,32,32,3968,0.320949,0.01302294651031494,0.029660000000000002,0.36363194651031494,0.1213595,29.361915220825193,1089.8471628752516,804.2271012326321,1002.3113968046409,1.0
Llama2-70B,32,32,1,32,32,4096,0.323093,0.01302294651031494,0.03054,0.36665594651031497,0.1213595,29.603835220825196,1080.941025421233,808.252633396298,1000.6439426373182,1.0
Llama2-70B,32,80,1,32,10,128,0.66696,0.0014614998626708,0.00978,0.6782014998626709,0.382388,54.78850798901367,1460.1602222137865,648.719185007783,972.6508111547662,0.84375
Llama2-70B,32,80,1,32,10,256,0.675477,0.0014614998626708,0.01242,0.6893584998626708,0.382388,55.68106798901366,1436.754051049895,651.3984978176857,964.3533352248644,0.84375
Llama2-70B,32,80,1,32,10,384,0.684001,0.0014614998626708,0.01506,0.7005224998626708,0.382388,56.57418798901366,1414.0724391048348,654.446097024553,956.7911406921236,0.84375
Llama2-70B,32,80,1,32,10,512,0.692525,0.0014614998626708,0.0177,0.7116864998626709,0.382388,57.46730798901366,1392.0958332569544,657.3095819524897,949.1492465289916,0.84375
Llama2-70B,32,80,1,32,10,640,0.69776,0.0014614998626708,0.0203399999999999,0.7195614998626709,0.382388,58.09730798901367,1377.000118751254,658.4225562922553,943.6232462340272,0.84375
Llama2-70B,32,80,1,32,10,768,0.706272,0.0014614998626708,0.02298,0.7307134998626709,0.382388,58.98946798901367,1356.1742922465307,661.4721920146494,936.5686194761358,0.84375
Llama2-70B,32,80,1,32,10,896,0.714789,0.0014614998626708,0.0256199999999999,0.7418704998626708,0.382388,59.88202798901367,1335.9600983232783,664.1479619029459,929.1524658366956,0.84375
Llama2-70B,32,80,1,32,10,1024,0.723313,0.0014614998626708,0.02826,0.7530344998626708,0.382388,60.77514798901366,1316.3275227970096,667.1991083158134,922.421010428146,0.84375
Llama2-70B,32,80,1,32,10,1152,0.737081,0.0014614998626708,0.0308999999999999,0.7694424998626709,0.382388,62.08778798901367,1288.498150621115,673.0465821726964,913.1243135729948,0.84375
Llama2-70B,32,80,1,32,10,1280,0.742316,0.0014614998626708,0.03354,0.7773174998626708,0.382388,62.71778798901367,1275.555190403298,674.1552960569118,908.1783176664812,0.84375
Llama2-70B,32,80,1,32,10,1408,0.750828,0.0014614998626708,0.03618,0.7884694998626709,0.382388,63.60994798901367,1257.664917660633,677.2091922348561,901.9498370263976,0.84375
Llama2-70B,32,80,1,32,10,1536,0.759345,0.0014614998626708,0.0388199999999999,0.7996264998626709,0.382388,64.50250798901368,1240.261851734911,679.8807016676026,895.3515222561581,0.84375
Llama2-70B,32,80,1,32,10,1664,0.767869,0.0014614998626708,0.04146,0.8107904998626709,0.382388,65.39562798901369,1223.3233697738908,682.9361085360198,889.3914307466767,0.84375
Llama2-70B,32,80,1,32,10,1792,0.776393,0.0014614998626708,0.0441,0.8219544998626709,0.382388,66.28874798901369,1206.8413181262488,685.799593463957,883.3150137416961,0.84375
Llama2-70B,32,80,1,32,10,1920,0.781628,0.0014614998626708,0.04674,0.8298294998626708,0.382388,66.91874798901368,1195.479628715318,686.9047601421721,878.8128881541758,0.84375
Llama2-70B,32,80,1,32,10,2048,0.79014,0.0014614998626708,0.0493799999999999,0.8409814998626708,0.382388,67.81090798901367,1179.7511989215827,689.9622035261165,873.2151308959379,0.84375
Llama2-70B,32,80,1,32,10,2176,0.803901,0.0014614998626708,0.05202,0.8573824998626708,0.382388,69.12298798901368,1157.3573759964645,695.6134414322592,865.2973953661696,0.84375
Llama2-70B,32,80,1,32,10,2304,0.812425,0.0014614998626708,0.05466,0.8685464998626709,0.382388,70.01610798901368,1142.5942157846434,698.6731087562268,859.9847478305402,0.84375
Llama2-70B,32,80,1,32,10,2432,0.820949,0.0014614998626708,0.0573,0.8797104998626709,0.382388,70.90922798901369,1128.202947187562,701.536593684163,854.5434535935402,0.84375
Llama2-70B,32,80,1,32,10,2560,0.826184,0.0014614998626708,0.05994,0.8875854998626709,0.382388,71.53922798901368,1118.2675889693085,702.6374999068288,850.4612772782195,0.84375
Llama2-70B,32,80,1,32,10,2688,0.834696,0.0014614998626708,0.06258,0.8987374998626708,0.382388,72.43138798901367,1104.493538245247,705.6992037463231,845.4565539385873,0.84375
Llama2-70B,32,80,1,32,10,2816,0.843213,0.0014614998626708,0.06522,0.9098944998626708,0.382388,73.32394798901367,1091.0487254721556,708.3629055175193,840.0758829827332,0.84375
Llama2-70B,32,80,1,32,10,2944,0.851737,0.0014614998626708,0.06786,0.9210584998626709,0.382388,74.21706798901369,1077.9191656000526,711.4261200474871,835.2650173087317,0.84375
Llama2-70B,32,80,1,32,10,3072,0.860261,0.0014614998626708,0.0705,0.9322224998626708,0.382388,75.11018798901368,1065.1018475909227,714.2896049754236,830.3173164602646,0.84375
Llama2-70B,32,80,1,32,10,3200,0.87074,0.0014614998626708,0.07314,0.9453414998626708,0.382388,76.15970798901368,1050.4241955804282,718.3702396714854,825.0111855105832,0.84375
Llama2-70B,32,80,1,32,10,3328,0.879252,0.0014614998626708,0.07578,0.9564934998626708,0.382388,77.05186798901367,1038.261655271053,721.4362039665297,820.511302751122,0.84375
Llama2-70B,32,80,1,32,10,3456,0.887769,0.0014614998626708,0.07842,0.9676504998626708,0.382388,77.94442798901369,1026.3722765567802,724.0956452821762,815.6351993392154,0.84375
Llama2-70B,32,80,1,32,10,3584,0.896293,0.0014614998626708,0.08106,0.9788144998626708,0.382388,78.83754798901369,1014.7449031665508,727.1631202676938,811.300679875547,0.84375
Llama2-70B,32,80,1,32,10,3712,0.904817,0.0014614998626708,0.0837,0.9899784998626708,0.382388,79.73066798901368,1003.3780227581116,730.0266051956303,806.8223797692023,0.84375
Llama2-70B,32,80,1,32,10,3840,0.910052,0.0014614998626708,0.08634,0.9978534998626708,0.382388,80.36066798901368,995.5118841338776,731.1197037567458,803.3823383243434,0.84375
Llama2-70B,32,80,1,32,10,3968,0.918564,0.0014614998626708,0.08898,1.009005499862671,0.382388,81.25282798901368,984.581115266744,734.1892152577899,799.2793264898145,0.84375
Llama2-70B,32,80,1,32,10,4096,0.927081,0.0014614998626708,0.09162,1.0201624998626708,0.382388,82.14538798901368,973.8830378486908,736.8451093674366,794.8012194915397,0.84375
Llama2-7B,8,1,8,32,32,128,0.0189785,0.0042958331044514,0.002306,0.0255803331044514,0.0112625,0.979833159342448,1020.5819128136936,94.92926743834911,156.31054126766662,1.0
Llama2-7B,8,1,8,32,32,256,0.0198345,0.0042958331044514,0.002746,0.0268763331044515,0.0112625,1.0213051593424478,979.139281587332,95.1688339145861,149.94207365100286,1.0
Llama2-7B,8,1,8,32,32,384,0.020696,0.0042958331044514,0.003186,0.0281778331044515,0.0112625,1.062953159342448,940.7752272156646,95.40845372767522,144.06233953371918,1.0
Llama2-7B,8,1,8,32,32,512,0.021547,0.0042958331044514,0.003626,0.0294688331044515,0.0112625,1.104265159342448,905.579598830652,95.64797921899216,138.7199772865598,1.0
Llama2-7B,8,1,8,32,32,640,0.0224025,0.0042958331044514,0.004066,0.0307643331044514,0.0112625,1.145721159342448,872.8127187368345,95.88757138649716,133.75679526070914,1.0
Llama2-7B,8,1,8,32,32,768,0.0232585,0.0042958331044514,0.004506,0.0320603331044515,0.0112625,1.1871931593424478,842.3229127717273,96.12713786273416,129.1559239938277,1.0
Llama2-7B,8,1,8,32,32,896,0.02412,0.0042958331044514,0.004946,0.0333618331044514,0.0112625,1.2288411593424478,813.7748254909524,96.36675767582328,124.85328264384238,1.0
Llama2-7B,8,1,8,32,32,1024,0.024971,0.0042958331044514,0.005386,0.0346528331044515,0.0112625,1.2701531593424478,787.3066272713877,96.60628316714016,120.89809574999524,1.0
Llama2-7B,8,1,8,32,32,1152,0.0265885,0.0042958331044514,0.005826,0.0367103331044515,0.0112625,1.335993159342448,748.5068265560449,97.45595402145352,114.5419472016256,1.0
Llama2-7B,8,1,8,32,32,1280,0.0274445,0.0042958331044514,0.006266,0.0380063331044515,0.0112625,1.3774651593424478,725.9711748189435,97.69552049769052,111.242143801229,1.0
Llama2-7B,8,1,8,32,32,1408,0.028306,0.0042958331044514,0.006706,0.0393078331044515,0.0112625,1.419113159342448,704.6654408189366,97.9351403107796,108.12100384059434,1.0
Llama2-7B,8,1,8,32,32,1536,0.029157,0.0042958331044514,0.007146,0.0405988331044515,0.0112625,1.4604251593424478,684.732109415485,98.17466580209654,105.22201551310204,1.0
Llama2-7B,8,1,8,32,32,1664,0.0300125,0.0042958331044514,0.007586,0.0418943331044515,0.0112625,1.501881159342448,665.8316430561117,98.41425796960156,102.47215532028486,1.0
Llama2-7B,8,1,8,32,32,1792,0.0308685,0.0042958331044514,0.008026,0.0431903331044514,0.0112625,1.5433531593424477,647.9398405651071,98.65382444583857,99.87307494476424,1.0
Llama2-7B,8,1,8,32,32,1920,0.03173,0.0042958331044514,0.008466,0.0444918331044515,0.0112625,1.5850011593424478,630.91436501842,98.89344425892766,97.39741988942605,1.0
Llama2-7B,8,1,8,32,32,2048,0.032581,0.0042958331044514,0.008906,0.0457828331044515,0.0112625,1.6263131593424478,614.8877258081837,99.1329697502446,95.08318666385756,1.0
Llama2-7B,8,1,8,32,32,2176,0.0341625,0.0042958331044514,0.009346,0.0478043331044514,0.0112625,1.6910011593424477,591.3656501506208,99.9209509978662,91.40226033467457,1.0
Llama2-7B,8,1,8,32,32,2304,0.0350185,0.0042958331044514,0.009786,0.0491003331044515,0.0112625,1.7324731593424478,577.2095195861766,100.16051747410322,89.38178879922688,1.0
Llama2-7B,8,1,8,32,32,2432,0.03588,0.0042958331044514,0.0102259999999999,0.0504018331044514,0.0112625,1.7741211593424475,563.6593615571529,100.4001372871923,87.44437821139243,1.0
Llama2-7B,8,1,8,32,32,2560,0.036731,0.0042958331044514,0.0106659999999999,0.0516928331044515,0.0112625,1.815433159342448,550.8327281860387,100.63966277850923,85.62221180551616,1.0
Llama2-7B,8,1,8,32,32,2688,0.0375865,0.0042958331044514,0.011106,0.0529883331044514,0.0112625,1.856889159342448,538.5351058617387,100.8792549460142,83.87257970449355,1.0
Llama2-7B,8,1,8,32,32,2816,0.0384425,0.0042958331044514,0.0115459999999999,0.0542843331044514,0.0112625,1.898361159342448,526.7701538659687,101.11882142225129,82.19973127255908,1.0
Llama2-7B,8,1,8,32,32,2944,0.039304,0.0042958331044514,0.0119859999999999,0.0555858331044514,0.0112625,1.940009159342448,515.4614838720364,101.35844123534038,80.5885225067267,1.0
Llama2-7B,8,1,8,32,32,3072,0.040155,0.0042958331044514,0.012426,0.0568768331044515,0.0112625,1.981321159342448,504.7137337047749,101.59796672665728,79.0670267764423,1.0
Llama2-7B,8,1,8,32,32,3200,0.0417365,0.0042958331044514,0.0128659999999999,0.0588983331044515,0.0112625,2.046009159342448,488.7563652556584,102.38594797427892,76.66097718295057,1.0
Llama2-7B,8,1,8,32,32,3328,0.0425925,0.0042958331044514,0.0133059999999999,0.0601943331044514,0.0112625,2.087481159342448,479.0462397825895,102.62551445051592,75.296057441536,1.0
Llama2-7B,8,1,8,32,32,3456,0.043454,0.0042958331044514,0.013746,0.0614958331044514,0.0112625,2.129129159342448,469.67559277091306,102.86513426360504,73.97559363321345,1.0
Llama2-7B,8,1,8,32,32,3584,0.044305,0.0042958331044514,0.0141859999999999,0.0627868331044514,0.0112625,2.1704411593424475,460.7358258460957,103.10465975492195,72.72363429277307,1.0
Llama2-7B,8,1,8,32,32,3712,0.0451605,0.0042958331044514,0.0146259999999999,0.0640823331044515,0.0112625,2.211897159342448,452.1005851362817,103.34425192242696,71.51178292038048,1.0
Llama2-7B,8,1,8,32,32,3840,0.0460165,0.0042958331044514,0.015066,0.0653783331044515,0.0112625,2.253369159342448,443.7799265397812,103.58381839866396,70.34420968474893,1.0
Llama2-7B,8,1,8,32,32,3968,0.046878,0.0042958331044514,0.0155059999999999,0.0666798331044515,0.0112625,2.295017159342448,435.7265896375751,103.82343821175306,69.21119595796074,1.0
Llama2-7B,8,1,8,32,32,4096,0.047729,0.0042958331044514,0.015946,0.0679708331044515,0.0112625,2.336329159342448,428.0218803935345,104.06296370306998,68.13399852753956,1.0
Llama2-7B,8,2,4,32,32,128,0.024955,0.0040872168477376,0.002306,0.0313482168477376,0.0186065,1.1717494391276042,1706.849547535562,80.20885451277351,200.88372699051664,1.0
Llama2-7B,8,2,4,32,32,256,0.025811,0.0040872168477376,0.002746,0.0326442168477376,0.0186065,1.213221439127604,1648.50367418346,80.44582625304686,194.79540276686012,1.0
Llama2-7B,8,2,4,32,32,384,0.0266725,0.0040872168477376,0.003186,0.0339457168477376,0.0186065,1.254869439127604,1593.7913042096372,80.6828513301723,189.0590761321874,1.0
Llama2-7B,8,2,4,32,32,512,0.0275235,0.0040872168477376,0.003626,0.0352367168477376,0.0186065,1.296181439127604,1542.9938584416868,80.91978208552558,183.7515715786636,1.0
Llama2-7B,8,2,4,32,32,640,0.028379,0.0040872168477376,0.004066,0.0365322168477376,0.0186065,1.337637439127604,1495.1734614309116,81.15677951706691,178.73423023421134,1.0
Llama2-7B,8,2,4,32,32,768,0.029235,0.0040872168477376,0.004506,0.0378282168477376,0.0186065,1.3791094391276042,1450.2112328845767,81.39375125734028,174.0075065361302,1.0
Llama2-7B,8,2,4,32,32,896,0.0300965,0.0040872168477376,0.004946,0.0391297168477376,0.0186065,1.420757439127604,1407.699826106891,81.63077633446574,169.51883178788594,1.0
Llama2-7B,8,2,4,32,32,1024,0.0309475,0.0040872168477376,0.005386,0.0404207168477376,0.0186065,1.462069439127604,1367.9240851880272,81.86770708981899,165.33586535628686,1.0
Llama2-7B,8,2,4,32,32,1152,0.032565,0.0040872168477376,0.005826,0.0424782168477376,0.0186065,1.5279094391276038,1308.9781035333792,82.71478320816867,158.7493920009379,1.0
Llama2-7B,8,2,4,32,32,1280,0.033421,0.0040872168477376,0.006266,0.0437742168477376,0.0186065,1.569381439127604,1274.387443445088,82.95175494844199,155.1265576816261,1.0
Llama2-7B,8,2,4,32,32,1408,0.0342825,0.0040872168477376,0.006706,0.0450757168477376,0.0186065,1.611029439127604,1241.4422427209208,83.18878002556745,151.6604317537509,1.0
Llama2-7B,8,2,4,32,32,1536,0.0351335,0.0040872168477376,0.007146,0.0463667168477376,0.0186065,1.652341439127604,1210.4035840533973,83.42571078092075,148.40841145367088,1.0
Llama2-7B,8,2,4,32,32,1664,0.035989,0.0040872168477376,0.007586,0.0476622168477376,0.0186065,1.693797439127604,1180.77873646456,83.66270821246209,145.29215213756643,1.0
Llama2-7B,8,2,4,32,32,1792,0.036845,0.0040872168477376,0.008026,0.0489582168477376,0.0186065,1.735269439127604,1152.5587640185074,83.89967995273544,142.31863202730256,1.0
Llama2-7B,8,2,4,32,32,1920,0.0377065,0.0040872168477376,0.008466,0.0502597168477376,0.0186065,1.776917439127604,1125.5446966528286,84.13670502986089,139.45988262942217,1.0
Llama2-7B,8,2,4,32,32,2048,0.0385575,0.0040872168477376,0.008906,0.0515507168477376,0.0186065,1.818229439127604,1099.9711900823752,84.37363578521413,136.76592716270204,1.0
Llama2-7B,8,2,4,32,32,2176,0.041947,0.0040872168477376,0.009346,0.0553802168477376,0.0186065,1.940773439127604,1030.516988576997,86.31828982923508,128.61213231761965,1.0
Llama2-7B,8,2,4,32,32,2304,0.042803,0.0040872168477376,0.009786,0.0566762168477376,0.0186065,1.982245439127604,1008.9567923940892,86.55526156950845,126.38609088368284,1.0
Llama2-7B,8,2,4,32,32,2432,0.0436645,0.0040872168477376,0.0102259999999999,0.0579777168477376,0.0186065,2.023893439127604,988.194319589324,86.79228664663387,124.2317652879254,1.0
Llama2-7B,8,2,4,32,32,2560,0.0445155,0.0040872168477376,0.0106659999999999,0.0592687168477376,0.0186065,2.065205439127604,968.4266572747608,87.02921740198717,122.18948652995466,1.0
Llama2-7B,8,2,4,32,32,2688,0.045371,0.0040872168477376,0.011106,0.0605642168477376,0.0186065,2.106661439127604,949.3694443983492,87.2662148335285,120.2119950429907,1.0
Llama2-7B,8,2,4,32,32,2816,0.046227,0.0040872168477376,0.0115459999999999,0.0618602168477376,0.0186065,2.148133439127604,931.04085787717,87.50318657380187,118.30638286851013,1.0
Llama2-7B,8,2,4,32,32,2944,0.0470885,0.0040872168477376,0.0119859999999999,0.0631617168477376,0.0186065,2.189781439127604,913.3331593114552,87.7402116509273,116.4565282007912,1.0
Llama2-7B,8,2,4,32,32,3072,0.0479395,0.0040872168477376,0.012426,0.0644527168477376,0.0186065,2.231093439127604,896.4214429235354,87.97714240628059,114.6981382866433,1.0
Llama2-7B,8,2,4,32,32,3200,0.049521,0.0040872168477376,0.0128659999999999,0.0664742168477376,0.0186065,2.2957814391276044,871.1630671428369,88.76252891793855,112.02637380850872,1.0
Llama2-7B,8,2,4,32,32,3328,0.050377,0.0040872168477376,0.0133059999999999,0.0677702168477376,0.0186065,2.337253439127604,855.70523355247,88.99950065821194,110.41683290267872,1.0
Llama2-7B,8,2,4,32,32,3456,0.0512385,0.0040872168477376,0.013746,0.0690717168477376,0.0186065,2.378901439127604,840.7241960950869,89.23652573533737,108.8494561405698,1.0
Llama2-7B,8,2,4,32,32,3584,0.0520895,0.0040872168477376,0.0141859999999999,0.0703627168477376,0.0186065,2.420213439127604,826.3733965219716,89.47345649069064,107.3554369050992,1.0
Llama2-7B,8,2,4,32,32,3712,0.052945,0.0040872168477376,0.0146259999999999,0.0716582168477376,0.0186065,2.461669439127604,812.4567694632403,89.71045392223199,105.90052639795071,1.0
Llama2-7B,8,2,4,32,32,3840,0.053801,0.0040872168477376,0.015066,0.0729542168477376,0.0186065,2.5031414391276043,798.9960010797635,89.94742566250535,104.49088500040118,1.0
Llama2-7B,8,2,4,32,32,3968,0.0546625,0.0040872168477376,0.0155059999999999,0.0742557168477376,0.0186065,2.544789439127604,785.9196400491323,90.1844507396308,103.11508202564694,1.0
Llama2-7B,8,2,4,32,32,4096,0.0555135,0.0040872168477376,0.015946,0.0755467168477376,0.0186065,2.5861014391276043,773.3648687325584,90.42138149498408,101.8011176279014,1.0
Llama2-7B,8,4,2,32,32,128,0.03595,0.0038090618387858,0.002306,0.0420650618387858,0.0332945,1.529376478841146,2615.444957693425,70.41190616209398,244.8258211477537,1.0
Llama2-7B,8,4,2,32,32,256,0.036806,0.0038090618387858,0.002746,0.0433610618387858,0.0332945,1.5708484788411456,2546.3945465643515,70.6475805343855,239.9322818779054,1.0
Llama2-7B,8,4,2,32,32,384,0.0376675,0.0038090618387858,0.003186,0.0446625618387858,0.0332945,1.6124964788411458,2480.625571892525,70.8833082435291,235.2270134848648,1.0
Llama2-7B,8,4,2,32,32,512,0.0385185,0.0038090618387858,0.003626,0.0459535618387858,0.0332945,1.6538084788411456,2418.659748801672,71.1189416309006,230.7947532708328,1.0
Llama2-7B,8,4,2,32,32,640,0.039374,0.0038090618387858,0.004066,0.0472490618387858,0.0332945,1.6952644788411455,2359.5138398312533,71.35464169446008,226.528425148766,1.0
Llama2-7B,8,4,2,32,32,768,0.04023,0.0038090618387858,0.004506,0.0485450618387858,0.0332945,1.736736478841146,2303.1703708262285,71.5903160667516,222.4407036625392,1.0
Llama2-7B,8,4,2,32,32,896,0.0410915,0.0038090618387858,0.004946,0.0498465618387858,0.0332945,1.7783844788411458,2249.232405923005,71.82604377589527,218.49422561811824,1.0
Llama2-7B,8,4,2,32,32,1024,0.0419425,0.0038090618387858,0.005386,0.0511375618387858,0.0332945,1.8196964788411456,2198.168786119407,72.06167716326667,214.7632984540344,1.0
Llama2-7B,8,4,2,32,32,1152,0.045368,0.0038090618387858,0.005826,0.0550030618387858,0.0332945,1.9433924788411456,2058.25639625055,74.06672344599747,204.0720426456904,1.0
Llama2-7B,8,4,2,32,32,1280,0.046224,0.0038090618387858,0.006266,0.0562990618387858,0.0332945,1.9848644788411456,2015.2509365956216,74.30239781828898,200.9302467827562,1.0
Llama2-7B,8,4,2,32,32,1408,0.0470855,0.0038090618387858,0.006706,0.0576005618387858,0.0332945,2.026512478841146,1973.834378896786,74.53812552743258,197.87972286434413,1.0
Llama2-7B,8,4,2,32,32,1536,0.0479365,0.0038090618387858,0.007146,0.0588915618387858,0.0332945,2.0678244788411457,1934.40015868353,74.77375891480409,194.9812744850064,1.0
Llama2-7B,8,4,2,32,32,1664,0.048792,0.0038090618387858,0.007586,0.0601870618387858,0.0332945,2.109280478841146,1896.3812731996784,75.00945897836357,192.1663873646386,1.0
Llama2-7B,8,4,2,32,32,1792,0.049648,0.0038090618387858,0.008026,0.0614830618387858,0.0332945,2.1507524788411456,1859.8141996122465,75.24513335065508,189.4465369970974,1.0
Llama2-7B,8,4,2,32,32,1920,0.0505095,0.0038090618387858,0.008466,0.0627845618387858,0.0332945,2.192400478841145,1824.4841846204629,75.48086105979871,186.7986741598084,1.0
Llama2-7B,8,4,2,32,32,2048,0.0513605,0.0038090618387858,0.008906,0.0640755618387858,0.0332945,2.233712478841145,1790.740768066626,75.71649444717019,184.2770573864404,1.0
Llama2-7B,8,4,2,32,32,2176,0.05475,0.0038090618387858,0.009346,0.0679050618387858,0.0332945,2.356256478841145,1697.608064283087,77.65985112320925,177.3055961717107,1.0
Llama2-7B,8,4,2,32,32,2304,0.055606,0.0038090618387858,0.009786,0.0692010618387858,0.0332945,2.3977284788411457,1668.245606330394,77.89552549550076,175.10593617483005,1.0
Llama2-7B,8,4,2,32,32,2432,0.0564675,0.0038090618387858,0.0102259999999999,0.0705025618387858,0.0332945,2.4393764788411456,1639.7632897978283,78.1312532046444,172.9562429819021,1.0
Llama2-7B,8,4,2,32,32,2560,0.0573185,0.0038090618387858,0.0106659999999999,0.0717935618387858,0.0332945,2.4806884788411456,1612.4555880827895,78.36688659201587,170.90225361797653,1.0
Llama2-7B,8,4,2,32,32,2688,0.058174,0.0038090618387858,0.011106,0.0730890618387858,0.0332945,2.5221444788411453,1585.9519680799126,78.60258665557538,168.89544009260018,1.0
Llama2-7B,8,4,2,32,32,2816,0.05903,0.0038090618387858,0.0115459999999999,0.0743850618387858,0.0332945,2.563616478841145,1560.295790346985,78.83826102786689,166.94532658789373,1.0
Llama2-7B,8,4,2,32,32,2944,0.0598915,0.0038090618387858,0.0119859999999999,0.0756865618387858,0.0332945,2.605264478841145,1535.3527568837274,79.07398873701055,165.0359164844146,1.0
Llama2-7B,8,4,2,32,32,3072,0.0607425,0.0038090618387858,0.012426,0.0769775618387858,0.0332945,2.646576478841146,1511.38651460829,79.30962212438196,163.20867210845364,1.0
Llama2-7B,8,4,2,32,32,3200,0.064132,0.0038090618387858,0.0128659999999999,0.0808070618387858,0.0332945,2.769120478841145,1444.5019747475803,81.25297880042105,158.37058488824047,1.0
Llama2-7B,8,4,2,32,32,3328,0.064988,0.0038090618387858,0.0133059999999999,0.0821030618387858,0.0332945,2.8105924788411456,1423.1874702978166,81.48865317271263,156.73788463391818,1.0
Llama2-7B,8,4,2,32,32,3456,0.0658495,0.0038090618387858,0.013746,0.0834045618387858,0.0332945,2.852240478841145,1402.4062941653451,81.72438088185622,155.13477870343775,1.0
Llama2-7B,8,4,2,32,32,3584,0.0667005,0.0038090618387858,0.0141859999999999,0.0846955618387858,0.0332945,2.893552478841145,1382.3837753936232,81.9600142692277,153.5970762386108,1.0
Llama2-7B,8,4,2,32,32,3712,0.067556,0.0038090618387858,0.0146259999999999,0.0859910618387858,0.0332945,2.9350084788411457,1362.85807309809,82.19571433278719,152.08810899991704,1.0
Llama2-7B,8,4,2,32,32,3840,0.068412,0.0038090618387858,0.015066,0.0872870618387858,0.0332945,2.9764804788411454,1343.8690522026702,82.43138870507872,150.6157339083032,1.0
Llama2-7B,8,4,2,32,32,3968,0.0692735,0.0038090618387858,0.0155059999999999,0.0885885618387858,0.0332945,3.0181284788411453,1325.324626848178,82.66711641422235,149.16800149808796,1.0
Llama2-7B,8,4,2,32,32,4096,0.0701245,0.0038090618387858,0.015946,0.0898795618387858,0.0332945,3.059440478841146,1307.4286058721166,82.9027498015938,147.77779128834035,1.0
Llama2-7B,8,8,1,32,32,128,0.05904,0.0032527518208821,0.002306,0.0645987518208821,0.0623185,2.279478558268229,3509.574578353472,66.78220071938014,282.7837090082154,1.0
Llama2-7B,8,8,1,32,32,256,0.059896,0.0032527518208821,0.002746,0.0658947518208821,0.0623185,2.320950558268229,3446.863601424228,67.01722640768072,279.7232970802757,1.0
Llama2-7B,8,8,1,32,32,384,0.0607575,0.0032527518208821,0.003186,0.0671962518208821,0.0623185,2.3625985582682287,3386.1021255612527,66.96502960324653,275.5422359513087,1.0
Llama2-7B,8,8,1,32,32,512,0.0616085,0.0032527518208821,0.003626,0.0684872518208821,0.0623185,2.403910558268229,3327.910837815521,67.487290136214,273.85543446202223,1.0
Llama2-7B,8,8,1,32,32,640,0.064272,0.0032527518208821,0.004066,0.0715907518208821,0.0623185,2.503222558268229,3195.8804356311543,68.88160904814555,267.93008249372014,1.0
Llama2-7B,8,8,1,32,32,768,0.065128,0.0032527518208821,0.004506,0.0728867518208821,0.0623185,2.544694558268229,3143.795774627008,69.11663473644613,265.31075242770453,1.0
Llama2-7B,8,8,1,32,32,896,0.0659895,0.0032527518208821,0.004946,0.0741882518208821,0.0623185,2.5863425582682296,3093.1710783727976,69.06609628771129,261.6556281215621,1.0
Llama2-7B,8,8,1,32,32,1024,0.0668405,0.0032527518208821,0.005386,0.0754792518208821,0.0623185,2.627654558268229,3044.540224980123,69.58669846497939,260.27146140805127,1.0
Llama2-7B,8,8,1,32,32,1152,0.070266,0.0032527518208821,0.005826,0.0793447518208821,0.0623185,2.751350558268229,2907.6629206550133,71.59109606371922,254.7145705736746,1.0
Llama2-7B,8,8,1,32,32,1280,0.071122,0.0032527518208821,0.006266,0.0806407518208821,0.0623185,2.7928225582682296,2864.485599457716,71.82612175201987,252.4750490425602,1.0
Llama2-7B,8,8,1,32,32,1408,0.0719835,0.0032527518208821,0.006706,0.0819422518208821,0.0623185,2.834470558268229,2822.396576554227,71.77558330328498,249.27790154439907,1.0
Llama2-7B,8,8,1,32,32,1536,0.0728345,0.0032527518208821,0.007146,0.0832332518208821,0.0623185,2.875782558268229,2781.8514918657584,72.29618548055309,248.1522680891374,1.0
Llama2-7B,8,8,1,32,32,1664,0.075498,0.0032527518208821,0.007586,0.0863367518208821,0.0623185,2.975094558268229,2688.990162604013,73.69050439248463,244.0147566574103,1.0
Llama2-7B,8,8,1,32,32,1792,0.076354,0.0032527518208821,0.008026,0.0876327518208821,0.0623185,3.016566558268229,2652.021709274896,73.92553008078528,242.04864866537852,1.0
Llama2-7B,8,8,1,32,32,1920,0.0772155,0.0032527518208821,0.008466,0.0889342518208821,0.0623185,3.0582145582682294,2615.905407412012,73.87499163205038,239.18446306781152,1.0
Llama2-7B,8,8,1,32,32,2048,0.0780665,0.0032527518208821,0.008906,0.0902252518208821,0.0623185,3.099526558268229,2581.039345721809,74.3955938093185,238.24429751980207,1.0
Llama2-7B,8,8,1,32,32,2176,0.081456,0.0032527518208821,0.009346,0.0940547518208821,0.0623185,3.222070558268229,2482.875484979997,76.33830180136667,234.29305944732943,1.0
Llama2-7B,8,8,1,32,32,2304,0.082312,0.0032527518208821,0.009786,0.0953507518208821,0.0623185,3.263542558268229,2451.3239392977707,76.57332748966728,232.57036486073503,1.0
Llama2-7B,8,8,1,32,32,2432,0.0831735,0.0032527518208821,0.0102259999999999,0.0966522518208821,0.0623185,3.305190558268229,2420.43533011653,76.52278904093242,230.00952539250008,1.0
Llama2-7B,8,8,1,32,32,2560,0.0840245,0.0032527518208821,0.0106659999999999,0.0979432518208821,0.0623185,3.346502558268229,2390.5554711841887,77.04339121820053,229.22894875363892,1.0
Llama2-7B,8,8,1,32,32,2688,0.086688,0.0032527518208821,0.011106,0.1010467518208821,0.0623185,3.4458145582682294,2321.6571480331136,78.43771013013206,226.2069436661709,1.0
Llama2-7B,8,8,1,32,32,2816,0.087544,0.0032527518208821,0.0115459999999999,0.1023427518208821,0.0623185,3.487286558268229,2294.047210153204,78.6727358184327,224.66627015681465,1.0
Llama2-7B,8,8,1,32,32,2944,0.0884055,0.0032527518208821,0.0119859999999999,0.1036442518208821,0.0623185,3.528934558268229,2266.973180688813,78.62219736969782,222.3340102417209,1.0
Llama2-7B,8,8,1,32,32,3072,0.0892565,0.0032527518208821,0.012426,0.1049352518208821,0.0623185,3.570246558268229,2240.741604098192,79.14279954696596,221.67236993094605,1.0
Llama2-7B,8,8,1,32,32,3200,0.092646,0.0032527518208821,0.0128659999999999,0.1087647518208821,0.0623185,3.692790558268229,2166.3833552888195,81.0855075390141,218.8046638252437,1.0
Llama2-7B,8,8,1,32,32,3328,0.093502,0.0032527518208821,0.0133059999999999,0.1100607518208821,0.0623185,3.734262558268229,2142.323919427351,81.32053322731473,217.4299299141053,1.0
Llama2-7B,8,8,1,32,32,3456,0.0943635,0.0032527518208821,0.013746,0.1113622518208821,0.0623185,3.775910558268229,2118.6942530940387,81.26999477857986,215.3109909514268,1.0
Llama2-7B,8,8,1,32,32,3584,0.0952145,0.0032527518208821,0.0141859999999999,0.1126532518208821,0.0623185,3.817222558268229,2095.7646241170137,81.79059695584796,214.75352219422456,1.0
Llama2-7B,8,8,1,32,32,3712,0.097878,0.0032527518208821,0.0146259999999999,0.1157567518208821,0.0623185,3.916534558268229,2042.6220887317672,83.18491586777947,212.47092264804016,1.0
Llama2-7B,8,8,1,32,32,3840,0.098734,0.0032527518208821,0.015066,0.1170527518208821,0.0623185,3.958006558268229,2021.2194907277487,83.4199415560801,211.2239490856243,1.0
Llama2-7B,8,8,1,32,32,3968,0.0995955,0.0032527518208821,0.0155059999999999,0.1183542518208821,0.0623185,3.999654558268229,2000.1727357834225,83.36940310734524,209.27000493833867,1.0
Llama2-7B,8,8,1,32,32,4096,0.1004465,0.0032527518208821,0.015946,0.1196452518208821,0.0623185,4.040966558268229,1979.724376493833,83.89000528461335,208.79275356685736,1.0
Llama2-7B,8,32,1,32,8,128,0.2127925,0.00032238887363,0.009224,0.2223388888736301,0.237748,7.502592443956163,4265.19236371131,61.51530242170184,289.0858579212229,1.0
Llama2-7B,8,32,1,32,8,256,0.2179765,0.00032238887363,0.010984,0.22928288887363,0.237748,7.724800443956163,4142.50183317507,62.0335262881397,284.58813811644706,1.0
Llama2-7B,8,32,1,32,8,384,0.2231605,0.00032238887363,0.012744,0.2362268888736301,0.237748,7.947008443956164,4026.672454882888,62.551750154577576,280.29938163150547,1.0
Llama2-7B,8,32,1,32,8,512,0.2283445,0.00032238887363,0.014504,0.2431708888736301,0.237748,8.169216443956163,3917.1443454255127,63.069974021015454,276.2053564724153,1.0
Llama2-7B,8,32,1,32,8,640,0.2335285,0.00032238887363,0.016264,0.2501148888736301,0.237748,8.391424443956163,3813.416925066598,63.58819788745331,272.2930943651559,1.0
Llama2-7B,8,32,1,32,8,768,0.2387125,0.00032238887363,0.018024,0.2570588888736301,0.237748,8.613632443956163,3715.0412683853374,64.10642175389118,268.55075353779625,1.0
Llama2-7B,8,32,1,32,8,896,0.2438965,0.00032238887363,0.019784,0.2640028888736301,0.237748,8.835840443956164,3621.613609137594,64.62464562032905,264.96749900194993,1.0
Llama2-7B,8,32,1,32,8,1024,0.2490805,0.00032238887363,0.021544,0.2709468888736301,0.237748,9.058048443956164,3532.7698011321063,65.14286948676693,261.53339778411765,1.0
Llama2-7B,8,32,1,32,8,1152,0.256915,0.00032238887363,0.023304,0.2805413888736301,0.237748,9.365072443956164,3416.951677789903,66.1611454438482,257.5215360872202,1.0
Llama2-7B,8,32,1,32,8,1280,0.262099,0.00032238887363,0.025064,0.2874853888736302,0.237748,9.587280443956166,3337.7557052868774,66.67936931028603,254.4052793421037,1.0
Llama2-7B,8,32,1,32,8,1408,0.267283,0.00032238887363,0.026824,0.2944293888736301,0.237748,9.809488443956164,3262.147683115513,67.19759317672394,251.40990327377315,1.0
Llama2-7B,8,32,1,32,8,1536,0.272467,0.00032238887363,0.028584,0.3013733888736301,0.237748,10.031696443956164,3189.8891856201617,67.71581704316179,248.5285081979167,1.0
Llama2-7B,8,32,1,32,8,1664,0.277651,0.00032238887363,0.030344,0.3083173888736301,0.237748,10.253904443956165,3120.762454428896,68.23404090959967,245.7547097240769,1.0
Llama2-7B,8,32,1,32,8,1792,0.282835,0.00032238887363,0.032104,0.3152613888736301,0.237748,10.476112443956165,3054.568206592829,68.75226477603755,243.0825915322981,1.0
Llama2-7B,8,32,1,32,8,1920,0.288019,0.00032238887363,0.033864,0.3222053888736301,0.237748,10.698320443956163,2991.123715879894,69.2704886424754,240.5066632495613,1.0
Llama2-7B,8,32,1,32,8,2048,0.293203,0.00032238887363,0.035624,0.3291493888736301,0.237748,10.920528443956163,2930.2611283165534,69.78871250891326,238.0218227948325,1.0
Llama2-7B,8,32,1,32,8,2176,0.301009,0.00032238887363,0.037384,0.3387153888736302,0.237748,11.226640443956166,2850.3629522781343,70.78193460847443,235.14889790163883,1.0
Llama2-7B,8,32,1,32,8,2304,0.306193,0.00032238887363,0.039144,0.3456593888736301,0.237748,11.448848443956164,2795.04092980572,71.30015847491227,232.860184507524,1.0
Llama2-7B,8,32,1,32,8,2432,0.311377,0.00032238887363,0.0409039999999999,0.3526033888736301,0.237748,11.671056443956164,2741.825485435909,71.81838234135017,230.64767899154444,1.0
Llama2-7B,8,32,1,32,8,2560,0.316561,0.00032238887363,0.0426639999999999,0.3595473888736301,0.237748,11.893264443956165,2690.598544309804,72.33660620778804,228.50763741518384,1.0
Llama2-7B,8,32,1,32,8,2688,0.321745,0.00032238887363,0.044424,0.3664913888736301,0.237748,12.115472443956165,2641.250693939161,72.85483007422593,226.43655713134896,1.0
Llama2-7B,8,32,1,32,8,2816,0.326929,0.00032238887363,0.0461839999999999,0.3734353888736301,0.237748,12.337680443956163,2593.680404137536,73.37305394066378,224.43115765399745,1.0
Llama2-7B,8,32,1,32,8,2944,0.332113,0.00032238887363,0.0479439999999999,0.3803793888736301,0.237748,12.559888443956163,2547.7933297567183,73.89127780710162,222.4883633194173,1.0
Llama2-7B,8,32,1,32,8,3072,0.337297,0.00032238887363,0.049704,0.3873233888736301,0.237748,12.782096443956164,2503.501686151864,74.40950167353951,220.60528754640416,1.0
Llama2-7B,8,32,1,32,8,3200,0.345103,0.00032238887363,0.0514639999999999,0.3968893888736301,0.237748,13.088208443956164,2444.9488359712723,75.40272377310062,218.4933882727784,1.0
Llama2-7B,8,32,1,32,8,3328,0.350287,0.00032238887363,0.0532239999999999,0.4038333888736301,0.237748,13.310416443956164,2404.1321422764486,75.92094763953853,216.7392670568377,1.0
Llama2-7B,8,32,1,32,8,3456,0.355471,0.00032238887363,0.054984,0.4107773888736301,0.237748,13.532624443956164,2364.65588271694,76.43917150597639,215.03630818259828,1.0
Llama2-7B,8,32,1,32,8,3584,0.360655,0.00032238887363,0.0567439999999999,0.4177213888736301,0.237748,13.754832443956165,2326.455093537741,76.95739537241424,213.3823054509552,1.0
Llama2-7B,8,32,1,32,8,3712,0.365839,0.00032238887363,0.0585039999999999,0.4246653888736301,0.237748,13.977040443956165,2289.468942177753,77.47561923885212,211.7751777116493,1.0
Llama2-7B,8,32,1,32,8,3840,0.371023,0.00032238887363,0.060264,0.4316093888736301,0.237748,14.199248443956163,2253.640404018752,77.99384310529,210.2129601272427,1.0
Llama2-7B,8,32,1,32,8,3968,0.376207,0.00032238887363,0.0620239999999999,0.4385533888736301,0.237748,14.421456443956163,2218.9159690185634,78.51206697172786,208.6937961593693,1.0
Llama2-7B,8,32,1,32,8,4096,0.381391,0.00032238887363,0.063784,0.4454973888736301,0.237748,14.643664443956164,2185.245375054142,79.03029083816574,207.21593020854115,1.0
